"plot_id","plot_code","rr_no","street_no","main_structure_name","location","plot_area_sqm","let_out_id","let_out_name","tenancy_id","unit_id","agreement_start_date","agreement_end_date","long_lease_years","letout_area_sqm","consumed_fsi","proposed_use","lease_start_date","lease_end_date"
3044,"101010002","5",,,WADALA,3.53,409,"5","10101145",1,,,,3.5300,0.0000,"","1965-05-01",""
3045,"101010003","5",,OPEN PLOT,WADALA,16.72,410,"5","10101237",1,,,,,,"","1965-08-28",""
3045,"101010003","5",,OPEN PLOT,WADALA,16.72,4919,"5","10101237",1,,,,16.7200,0.0000,"","1965-08-28",""
3046,"101010004","6",,OPEN PLOT,WADALA,16.72,411,"6","10101238",1,,,,,,"","1961-11-07",""
3046,"101010004","6",,OPEN PLOT,WADALA,16.72,4920,"6","10101238",1,,,,16.7200,0.0000,"","1961-11-07",""
3051,"101010009",ADJ TO R.R.1646 & 1673,,,WADALA,124.12,416,ADJ TO R.R.1646 & 1673,"10101138",1,,,,124.1200,0.0000,storage of non-hazardous goods & office in connection therewith,"1946-06-01",""
3061,"101010019",OLD R R 1860,,PRIVATE STRUCTURE,WADALA,54872.14,453,OLD R R 1860,"10101203",1,,,,54872.1400,0.0000,"Petrol & oil, diesel pumps, service station, weigh bridge & other purposes connected with motor trade","1952-01-25",""
3061,"101010019",OLD R R 1860,,PRIVATE STRUCTURE,WADALA,54872.14,4168,OLD R.R. 1860,,,,,,,,,,
3061,"101010019",OLD R R 1860,,PRIVATE STRUCTURE,WADALA,54872.14,4169,OLD R.R.1860,,,,,,,,,,
3061,"101010019",OLD R R 1860,,PRIVATE STRUCTURE,WADALA,54872.14,4170,OLD R.R.1860,,,,,,,,,,
3061,"101010019",OLD R R 1860,,PRIVATE STRUCTURE,WADALA,54872.14,4171,OLD R.R.1860,,,,,,,,,,
3061,"101010019",OLD R R 1860,,PRIVATE STRUCTURE,WADALA,54872.14,4172,OLD R.R.1860,,,,,,,,,,
3061,"101010019",OLD R R 1860,,PRIVATE STRUCTURE,WADALA,54872.14,4173,OLD R.R.1860,,,,,,,,,,
3067,"101010025",R R 1022 & 1776(LEASE),,PRIVATE STRUCTURE,WADALA,42645.36,459,R R 1022 & 1776(LEASE),"10101135",1,,,,42645.3600,0.0000,"Petrol & oil, diesel pumps, service station, weigh bridge & other purposes connected with motor trade","1978-03-01",""
3067,"101010025",R R 1022 & 1776(LEASE),,PRIVATE STRUCTURE,WADALA,42645.36,459,R R 1022 & 1776(LEASE),"10101135",1,,,,2000.0000,0.0000,"Petrol & oil, diesel pumps, service station, weigh bridge & other purposes connected with motor trade","1978-03-01",""
3067,"101010025",R R 1022 & 1776(LEASE),,PRIVATE STRUCTURE,WADALA,42645.36,459,R R 1022 & 1776(LEASE),"20501221",5,,,,,,"","1873-01-01",""
3068,"101010026",R R 1249,,PRIVATE STRUCTURE,WADALA,12541.91,460,R R 1249,,,,,,,,,,
3069,"101010027",R R 1314,,PRIVATE STRUCTURE,WADALA,1858.06,461,R R 1314,"20601202",6,,,,,,"","1952-06-23",""
3070,"101010028",R R 1485,,PRIVATE STRUCTURE,WADALA,17237.00,462,R R 1485,"10101131",1,,,,17237.0000,0.0000,"Petrol & oil, diesel pumps, service station, weigh bridge & other purposes connected with motor trade","1937-01-13",""
3070,"101010028",R R 1485,,PRIVATE STRUCTURE,WADALA,17237.00,462,R R 1485,"10101131",1,,,,4857.5200,1.0000,"Petrol & oil, diesel pumps, service station, weigh bridge & other purposes connected with motor trade","1937-01-13",""
3070,"101010028",R R 1485,,PRIVATE STRUCTURE,WADALA,17237.00,462,R R 1485,"10101131",1,,,,4194.0000,1.0000,"Petrol & oil, diesel pumps, service station, weigh bridge & other purposes connected with motor trade","1937-01-13",""
3070,"101010028",R R 1485,,PRIVATE STRUCTURE,WADALA,17237.00,462,R R 1485,"10101131",1,,,,17489.0000,0.0000,"Petrol & oil, diesel pumps, service station, weigh bridge & other purposes connected with motor trade","1937-01-13",""
3070,"101010028",R R 1485,,PRIVATE STRUCTURE,WADALA,17237.00,462,R R 1485,"20601205",6,,,,,,"Petrol & oil, diesel pumps, service station, weigh bridge & other purposes connected with motor trade","1970-11-09",""
3071,"101010029",R R 1486,,PRIVATE STRUCTURE,WADALA,27809.95,463,R R 1486,"10101208",1,,,,27809.9500,0.0000,"Petrol & oil, diesel pumps, service station, weigh bridge & other purposes connected with motor trade","1937-01-13",""
3071,"101010029",R R 1486,,PRIVATE STRUCTURE,WADALA,27809.95,463,R R 1486,"20601216",6,,,,,,"","1970-09-01",""
3074,"101010031",R R 1646,,PRIVATE STRUCTURE,WADALA,24265.71,465,R R 1646,"10101136",1,,,,24265.7100,0.9900,"Petrol & oil, diesel pumps, service station, weigh bridge & other purposes connected with motor trade","1940-06-25",""
3074,"101010031",R R 1646,,PRIVATE STRUCTURE,WADALA,24265.71,465,R R 1646,"10101136",1,,,,24265.7100,0.0000,"Petrol & oil, diesel pumps, service station, weigh bridge & other purposes connected with motor trade","1940-06-25",""
3074,"101010031",R R 1646,,PRIVATE STRUCTURE,WADALA,24265.71,465,R R 1646,"20601226",6,,,,,,storage of non-hazardous goods & office in connection therewith,"1959-07-07",""
3075,"101010032",R R 1663,,PRIVATE STRUCTURE,WADALA,14155.72,466,R R 1663,"10101209",1,,,,14155.7200,0.0000,"Petrol & oil, diesel pumps, service station, weigh bridge & other purposes connected with motor trade","1946-10-01",""
3075,"101010032",R R 1663,,PRIVATE STRUCTURE,WADALA,14155.72,466,R R 1663,"20601226",6,,,,,,storage of non-hazardous goods & office in connection therewith,"1959-07-07",""
3077,"101010033",R R 1673,,PRIVATE STRUCTURE,WADALA,3340.79,467,R R 1673,"10101137",1,,,,3340.7900,1.0300,"Petrol & oil, diesel pumps, service station, weigh bridge & other purposes connected with motor trade","1942-11-17",""
3077,"101010033",R R 1673,,PRIVATE STRUCTURE,WADALA,3340.79,467,R R 1673,"10101137",1,,,,3340.7900,0.0000,"Petrol & oil, diesel pumps, service station, weigh bridge & other purposes connected with motor trade","1942-11-17",""
3077,"101010033",R R 1673,,PRIVATE STRUCTURE,WADALA,3340.79,467,R R 1673,"20601226",6,,,,,,storage of non-hazardous goods & office in connection therewith,"1959-07-07",""
3078,"101010034",R R 1739,,PRIVATE STRUCTURE,WADALA,5088.53,468,R R 1739,"20601235",6,,,,,,"","1994-07-01",""
3080,"101010035",R R 2012,,PRIVATE STRUCTURE,WADALA,15276.78,469,R R 2012,"10101210",1,,,,15276.7800,0.0000,"Petrol & oil, diesel pumps, service station, weigh bridge & other purposes connected with motor trade","1961-04-01",""
3080,"101010035",R R 2012,,PRIVATE STRUCTURE,WADALA,15276.78,469,R R 2012,"20601249",6,,,,,,"","2003-10-01",""
3081,"101010036",R R 2013,,PRIVATE STRUCTURE,WADALA,4566.18,470,R R 2013,"20601249",6,,,,,,"","2003-10-01",""
3088,"101010041",R.R.2026,,PRIVATE STRUCTURE,WADALA,856.84,475,R.R.2026,"10101144",1,,,,856.8400,0.0000,"Petrol & oil, diesel pumps, service station, weigh bridge & other purposes connected with motor trade","1965-06-15",""
3088,"101010041",R.R.2026,,PRIVATE STRUCTURE,WADALA,856.84,475,R.R.2026,"20601303",6,,,,,,"","1998-02-01",""
3090,"101010043",RR 1735,,PRIVATE STRUCTURE,WADALA,34245.16,477,RR 1735,"10101202",1,,,,34245.1600,0.1300,"Petrol & oil, diesel pumps, service station, weigh bridge & other purposes connected with motor trade","1949-07-08",""
3090,"101010043",RR 1735,,PRIVATE STRUCTURE,WADALA,34245.16,477,RR 1735,"20601303",6,,,,,,"","1998-02-01",""
3095,"101010048",STERILE STRIP OF P.T LAND BETN.OLD RR NOS.1673 & 1646.,,OPEN PLOT,WADALA,761.90,489,STERILE STRIP OF P.T LAND BETN.OLD RR NOS.1673 & 1646.,"10101319",1,,,,761.9000,999999.9900,"","2005-09-01",""
3095,"101010048",STERILE STRIP OF P.T LAND BETN.OLD RR NOS.1673 & 1646.,,OPEN PLOT,WADALA,761.90,489,STERILE STRIP OF P.T LAND BETN.OLD RR NOS.1673 & 1646.,"20602105",6,,,,,,"","1994-06-01",""
7976,"101010051",LEASE OF 25, , , ,14966.00,4484,LEASE OF 25,,,,,,,,,,
7979,"101010054",STALL NO 4, , , ,3.72,,,,,,,,,,,,
8194,"101010057",OLD R.R.1823, , , ,38865.53,4700,OLD R.R.1823,,,,,,,,,,
8195,"101010058",OLD RR 2023, , , ,5575.48,4701,OLD RR 2023,,,,,,,,,,
8195,"101010058",OLD RR 2023, , , ,5575.48,5562,"2023",,,,,,,,,,
8187,"101030002",P.T.LAND S.NO.83 AT AMBAPADA, , , ,23500.00,,,,,,,,,,,,
3099,"101040001",LEASE OF P.T.LAND,,,PIR PAU PIER,3609.09,493,LEASE OF P.T.LAND,"10104103",1,,,,3609.0900,0.0000,"Petrol & oil, diesel pumps, service station, weigh bridge & other purposes connected with motor trade","1985-01-01",""
3099,"101040001",LEASE OF P.T.LAND,,,PIR PAU PIER,3609.09,493,LEASE OF P.T.LAND,"20701103",7,,,,,,"Godowns, offices, works(factories) & residential quarters for employees, electric sub-station","1962-09-08",""
3099,"101040001",LEASE OF P.T.LAND,,,PIR PAU PIER,3609.09,5581,Test,,,,,,,,,,
8396,"101040001","Triangular Plot at PirPau (Near Old Pir Pau Berth)
",,,PIR PAU PIER,11904.33,6069,LEASE OF P.T.LAND,"10104106",1,,,,11904.3300,0.0000,"","2008-06-01",""
8189,"101040003",LEASE OF LAND, , , ,7150.23,4696,LEASE OF LAND,,,,,,,,,,
8189,"101040003",LEASE OF LAND, , , ,7150.23,5501,asmita land,"12345678",1,,,,,,,,
3101,"101050001","1",,PRIVATE STRUCTURE,SEWREE (EAST),2457.10,4174,"1",,,,,,,,,,
3102,"101050002","6",,PRIVATE STRUCTURE,SEWREE (EAST),1326.66,495,"6","10105109",1,,,,1326.6600,0.0000,"Petrol & oil, diesel pumps, service station, weigh bridge & other purposes connected with motor trade","1965-03-05",""
3102,"101050002","6",,PRIVATE STRUCTURE,SEWREE (EAST),1326.66,495,"6","10105109",1,,,,1326.6600,2.7100,"Petrol & oil, diesel pumps, service station, weigh bridge & other purposes connected with motor trade","1965-03-05",""
3102,"101050002","6",,PRIVATE STRUCTURE,SEWREE (EAST),1326.66,495,"6","20701104",7,,,,,,Any lawful user as may be permitted by MCGM in conformity with D.C.Regulations,"1997-04-01",""
3104,"101050004","9",,PRIVATE STRUCTURE,SEWREE (EAST),242.48,4175,"9",,,,,,,,,,
3107,"101050007","31",,PRIVATE STRUCTURE,SEWREE (EAST),1515.81,499,"31","10105203",1,,,,1515.8100,0.0000,"","1994-04-01",""
3107,"101050007","31",,PRIVATE STRUCTURE,SEWREE (EAST),1515.81,499,"31","10105203",1,,,,1515.8100,0.0000,"","1994-04-01",""
3107,"101050007","31",,PRIVATE STRUCTURE,SEWREE (EAST),1515.81,499,"31","10105203",1,,,,1515.8100,0.0000,"","1994-04-01",""
3107,"101050007","31",,PRIVATE STRUCTURE,SEWREE (EAST),1515.81,499,"31","10105203",1,,,,1515.8100,0.5800,"","1994-04-01",""
3107,"101050007","31",,PRIVATE STRUCTURE,SEWREE (EAST),1515.81,499,"31","20701110",7,,,,,,Any lawful user as may be permitted by MCGM in conformity with D.C.Regulations,"1994-04-01",""
3108,"101050008","36",,PRIVATE STRUCTURE,SEWREE (EAST),543.48,500,"36","10105113",1,,,,543.4800,0.0000,"","2003-10-01",""
3108,"101050008","36",,PRIVATE STRUCTURE,SEWREE (EAST),543.48,500,"36","10105113",1,,,,543.4800,1.1900,"","2003-10-01",""
3108,"101050008","36",,PRIVATE STRUCTURE,SEWREE (EAST),543.48,500,"36","20701110",7,,,,,,Any lawful user as may be permitted by MCGM in conformity with D.C.Regulations,"1994-04-01",""
3108,"101050008","36",,PRIVATE STRUCTURE,SEWREE (EAST),543.48,5001,"36","10105113",1,,,,,,"","2003-10-01",""
3119,"101050017",OLD RR 1858,,MBPT STRUCTURE,SEWREE (EAST),1957.74,4176,OLD RR 1858,,,,,,,,,,
3128,"101050026",LEASE OF PLOT,,PRIVATE STRUCTURE,SEWREE (EAST),379.69,517,LEASE OF PLOT,"10105150",1,,,,379.6900,0.0000,"Petrol & oil, diesel pumps, service station, weigh bridge & other purposes connected with motor trade","1957-02-08",""
3128,"101050026",LEASE OF PLOT,,PRIVATE STRUCTURE,SEWREE (EAST),379.69,517,LEASE OF PLOT,"10105150",1,,,,379.6900,1.0000,"Petrol & oil, diesel pumps, service station, weigh bridge & other purposes connected with motor trade","1957-02-08",""
3128,"101050026",LEASE OF PLOT,,PRIVATE STRUCTURE,SEWREE (EAST),379.69,517,LEASE OF PLOT,"20701121",7,,,,,,"","1885-10-06",""
3129,"101050027",LEASE OF PLOT 7,,PRIVATE STRUCTURE,SEWREE (EAST),2400.92,518,LEASE OF PLOT 7,"20701121",7,,,,,,"","1885-10-06",""
3148,"101050044",RR NO.2040,,PRIVATE STRUCTURE,SEWREE (EAST),42853.02,537,RR NO.2040,"10105131",1,,,,4734.6700,0.0000,"Petrol & oil, diesel pumps, service station, weigh bridge & other purposes connected with motor trade","1961-07-01",""
3148,"101050044",RR NO.2040,,PRIVATE STRUCTURE,SEWREE (EAST),42853.02,537,RR NO.2040,"10105131",1,,,,42853.0200,0.0000,"Petrol & oil, diesel pumps, service station, weigh bridge & other purposes connected with motor trade","1961-07-01",""
3148,"101050044",RR NO.2040,,PRIVATE STRUCTURE,SEWREE (EAST),42853.02,537,RR NO.2040,"10105131",1,,,,976.1400,0.0000,"Petrol & oil, diesel pumps, service station, weigh bridge & other purposes connected with motor trade","1961-07-01",""
3148,"101050044",RR NO.2040,,PRIVATE STRUCTURE,SEWREE (EAST),42853.02,537,RR NO.2040,"20701126",7,,,,,,"Factory for manufacturing of biscuits, cakes, confectionaries, preservatives & any other user as admissible under D.C.Regulations","1992-04-01",""
8043,"101050047","9", , , ,48.77,4550,"9",,,,,,,,,,
8044,"101050048",OLD RR 1984,"", , ,10346.98,4551,R R 1984,,,,,,,,,,
8046,"101050050","11 WEST OF A & C SITES", , , ,167.97,4553,"11 WEST OF A & C SITES",,,,,,,,,,
8047,"101050051","10 WEST OF A&C SITES", , , ,165.74,4554,"10 WEST OF A&C SITES",,,,,,,,,,
8048,"101050052","8", , , ,272.39,4555,"8",,,,,,,,,,
3198,"102010033","GWND OFFICE AT KALA CHOWKEY, SEWREE",,,FRERE LAND,330.18,585,"GWND OFFICE AT KALA CHOWKEY, SEWREE","20701208",7,,,,,,"","1951-07-01",""
3198,"102010033","GWND OFFICE AT KALA CHOWKEY, SEWREE",,,FRERE LAND,330.18,4937,"GWND OFFICE AT KALA CHOWKEY, SEWREE",,,,,,,,,,
3193,"102020010","137 (PORTION OF RR-2060)",,OPEN PLOT,FRERE LAND,35.12,580,"137 (PORTION OF RR-2060)","10202217",2,,,,35.1200,0.0000,storage of non-hazardous goods & office in connection therewith,"1978-12-22",""
3193,"102020010","137 (PORTION OF RR-2060)",,OPEN PLOT,FRERE LAND,35.12,580,"137 (PORTION OF RR-2060)","10202217",2,,,,35.1200,0.3200,storage of non-hazardous goods & office in connection therewith,"1978-12-22",""
3193,"102020010","137 (PORTION OF RR-2060)",,OPEN PLOT,FRERE LAND,35.12,580,"137 (PORTION OF RR-2060)","20701204",7,,,,,,"","1974-03-01",""
3220,"102020036",RR 2060 AT ARCHED BUNGLOW,,OPEN PLOT,FRERE LAND,2926.44,616,RR 2060 AT ARCHED BUNGLOW,"20701327",7,,,,,,"","1945-09-12",""
7993,"102020039",R R NO 2086, , , ,20.88,4500,R R NO 2086,,,,,,,,,,
7994,"102020040","28", , , ,1060.12,4501,"28",,,,,,,,,,
7996,"102020042","135", , , ,380.72,4503,"135",,,,,,,,,,
8051,"102020043","2 B (OLD 31B)", , , ,63.95,4558,"2 B (OLD 31B)",,,,,,,,,,
8052,"102020044","36", , , ,52.03,4559,"36",,,,,,,,,,
3225,"102030003","5",,PRIVATE STRUCTURE,MAZGAON SEWREE RECLAMATION (J.B.),11.61,633,"5","10203104",2,,,,11.6100,0.0000,storage of non-hazardous goods & office in connection therewith,"1997-01-01",""
3225,"102030003","5",,PRIVATE STRUCTURE,MAZGAON SEWREE RECLAMATION (J.B.),11.61,633,"5","10203104",2,,,,11.6100,1.3100,storage of non-hazardous goods & office in connection therewith,"1997-01-01",""
3225,"102030003","5",,PRIVATE STRUCTURE,MAZGAON SEWREE RECLAMATION (J.B.),11.61,633,"5","20701335",7,,,,,,"","1942-01-10",""
3226,"102030004","6",,PRIVATE STRUCTURE,MAZGAON SEWREE RECLAMATION (J.B.),11.15,634,"6","10203105",2,,,,11.1500,1.0000,storage of non-hazardous goods & office in connection therewith,"2003-11-01",""
3226,"102030004","6",,PRIVATE STRUCTURE,MAZGAON SEWREE RECLAMATION (J.B.),11.15,634,"6","10203105",2,,,,11.1500,0.0000,storage of non-hazardous goods & office in connection therewith,"2003-11-01",""
3226,"102030004","6",,PRIVATE STRUCTURE,MAZGAON SEWREE RECLAMATION (J.B.),11.15,634,"6","20701335",7,,,,,,"","1942-01-10",""
3230,"102030008","12",,PRIVATE STRUCTURE,MAZGAON SEWREE RECLAMATION (J.B.),16.44,638,"12","10203111",2,,,,16.4400,0.0000,storage of non-hazardous goods & office in connection therewith,"1997-07-01",""
3230,"102030008","12",,PRIVATE STRUCTURE,MAZGAON SEWREE RECLAMATION (J.B.),16.44,638,"12","10203111",2,,,,16.4400,1.4700,storage of non-hazardous goods & office in connection therewith,"1997-07-01",""
3230,"102030008","12",,PRIVATE STRUCTURE,MAZGAON SEWREE RECLAMATION (J.B.),16.44,638,"12","20701336",7,,,,,,"","1941-12-12",""
3231,"102030009","13",,PRIVATE STRUCTURE,MAZGAON SEWREE RECLAMATION (J.B.),18.97,639,"13","10203126",2,,,,18.9700,1.4500,storage of non-hazardous goods & office in connection therewith,"1997-07-01",""
3231,"102030009","13",,PRIVATE STRUCTURE,MAZGAON SEWREE RECLAMATION (J.B.),18.97,639,"13","10203126",2,,,,18.9700,0.0000,storage of non-hazardous goods & office in connection therewith,"1997-07-01",""
3231,"102030009","13",,PRIVATE STRUCTURE,MAZGAON SEWREE RECLAMATION (J.B.),18.97,639,"13","20701336",7,,,,,,"","1941-12-12",""
3231,"102030009","13",,PRIVATE STRUCTURE,MAZGAON SEWREE RECLAMATION (J.B.),18.97,5974,CDAC NNN,,,,,,,,,,
3235,"102030013","2",,PRIVATE STRUCTURE,MAZGAON SEWREE RECLAMATION (J.B.),22.30,643,"2 AND 3","10203102",2,,,,22.3000,0.0000,"","1960-03-01",""
3235,"102030013","2",,PRIVATE STRUCTURE,MAZGAON SEWREE RECLAMATION (J.B.),22.30,643,"2 AND 3","10203102",2,,,,22.3000,0.0300,"","1960-03-01",""
3235,"102030013","2",,PRIVATE STRUCTURE,MAZGAON SEWREE RECLAMATION (J.B.),22.30,643,"2 AND 3","20701337",7,,,,,,"","1941-12-15",""
3235,"102030013","2",,PRIVATE STRUCTURE,MAZGAON SEWREE RECLAMATION (J.B.),22.30,5015,"2 AND 3","10203102",2,,,,,,"","1960-03-01",""
3250,"103010003","26(NORTH OF GDN.C-19)",,PRIVATE STRUCTURE,MAZGAON SEWREE RECLAMATION (COTTON DEPOT),23.42,657,"26(NORTH OF GDN.C-19)","10301540",3,,,,23.4200,0.4500,storage of non-hazardous goods & office in connection therewith,"1966-08-22",""
3250,"103010003","26(NORTH OF GDN.C-19)",,PRIVATE STRUCTURE,MAZGAON SEWREE RECLAMATION (COTTON DEPOT),23.42,657,"26(NORTH OF GDN.C-19)","10301540",3,,,,23.4200,0.0000,storage of non-hazardous goods & office in connection therewith,"1966-08-22",""
3250,"103010003","26(NORTH OF GDN.C-19)",,PRIVATE STRUCTURE,MAZGAON SEWREE RECLAMATION (COTTON DEPOT),23.42,657,"26(NORTH OF GDN.C-19)","20701341",7,,,,,,"","2002-10-01",""
3255,"103010008","6 (NORTH OG GDN.  NO C-42 )",,PRIVATE STRUCTURE,MAZGAON SEWREE RECLAMATION (COTTON DEPOT),5.95,662,"6 (NORTH OG GDN.  NO C-42 )","10301535",3,,,,5.9500,0.0000,storage of non-hazardous goods & office in connection therewith,"1962-01-01",""
3255,"103010008","6 (NORTH OG GDN.  NO C-42 )",,PRIVATE STRUCTURE,MAZGAON SEWREE RECLAMATION (COTTON DEPOT),5.95,662,"6 (NORTH OG GDN.  NO C-42 )","10301535",3,,,,5.9500,1.0000,storage of non-hazardous goods & office in connection therewith,"1962-01-01",""
3255,"103010008","6 (NORTH OG GDN.  NO C-42 )",,PRIVATE STRUCTURE,MAZGAON SEWREE RECLAMATION (COTTON DEPOT),5.95,662,"6 (NORTH OG GDN.  NO C-42 )","20701344",7,,,,,,"","1873-01-01",""
3264,"103010017",EAST PORTION OF SHED TW-2,,MbPT STRUCTURE,MAZGAON SEWREE RECLAMATION (COTTON DEPOT),5645.63,4186,EAST PORTION OF SHED TW-2,,,,,,,,,,
3288,"103010041",JETHA F 105,,PRIVATE STRUCTURE,MAZGAON SEWREE RECLAMATION (COTTON DEPOT),227.43,769,JETHA F 105,"10301530",3,,,,227.4300,0.0000,"","1997-05-09",""
3288,"103010041",JETHA F 105,,PRIVATE STRUCTURE,MAZGAON SEWREE RECLAMATION (COTTON DEPOT),227.43,769,JETHA F 105,"10301530",3,,,,227.4300,1.0900,"","1997-05-09",""
3288,"103010041",JETHA F 105,,PRIVATE STRUCTURE,MAZGAON SEWREE RECLAMATION (COTTON DEPOT),227.43,769,JETHA F 105,"20801511",8,,,,,,"","1968-06-22",""
3288,"103010041",JETHA F 105,,PRIVATE STRUCTURE,MAZGAON SEWREE RECLAMATION (COTTON DEPOT),227.43,5018,JETHA F 105,"10301530",3,,,,,,"","1997-05-09",""
3289,"103010042","JETHA F 73,79,80,& 86 TO 104",,PRIVATE STRUCTURE,MAZGAON SEWREE RECLAMATION (COTTON DEPOT),9529.76,770,"JETHA F 73,79,80,& 86 TO 104","10301102",3,,,,9529.7600,0.5200,Any lawful user as may be permitted by MCGM in conformity with the DC regulations.,"1952-03-24",""
3289,"103010042","JETHA F 73,79,80,& 86 TO 104",,PRIVATE STRUCTURE,MAZGAON SEWREE RECLAMATION (COTTON DEPOT),9529.76,770,"JETHA F 73,79,80,& 86 TO 104","10301102",3,,,,9529.7600,0.0000,Any lawful user as may be permitted by MCGM in conformity with the DC regulations.,"1952-03-24",""
3289,"103010042","JETHA F 73,79,80,& 86 TO 104",,PRIVATE STRUCTURE,MAZGAON SEWREE RECLAMATION (COTTON DEPOT),9529.76,770,"JETHA F 73,79,80,& 86 TO 104","20801511",8,,,,,,"","1968-06-22",""
3290,"103010043",JETHA PLINTHS A F G&B BLOCK,,,MAZGAON SEWREE RECLAMATION (COTTON DEPOT),18911.34,771,JETHA PLINTHS A F G&B BLOCK,"20801549",8,,,,,,storage of non-hazardous goods & office in connection therewith,"1960-06-01",""
3291,"103010044","LEASE JETHAS G 125,126,128&129",,PRIVATE STRUCTURE,MAZGAON SEWREE RECLAMATION (COTTON DEPOT),1564.20,772,"LEASE JETHAS G 125,126,128&129","20801608",8,,,,,,"Petrol & oil, diesel pumps, service station, weigh bridge & other purposes connected with motor trade","1960-11-01",""
3297,"103010048",OLD ARP B 10,,OPEN PLOT,MAZGAON SEWREE RECLAMATION (COTTON DEPOT),316.00,776,OLD ARP B 10,"10301514",3,,,,316.0000,0.0000,"","1980-08-02",""
3297,"103010048",OLD ARP B 10,,OPEN PLOT,MAZGAON SEWREE RECLAMATION (COTTON DEPOT),316.00,776,OLD ARP B 10,"20801623",8,,,,,,"Residence, Office and Garage","1961-01-01",""
3303,"103010054",OLD R R NO.1015,,MbPT STRUCTURE,MAZGAON SEWREE RECLAMATION (COTTON DEPOT),32.98,782,OLD R R NO.1015,"10301431",3,,,,32.9800,0.0000,"","1960-07-01",""
3303,"103010054",OLD R R NO.1015,,MbPT STRUCTURE,MAZGAON SEWREE RECLAMATION (COTTON DEPOT),32.98,782,OLD R R NO.1015,"10301431",3,,,,32.9800,0.0000,"","1960-07-01",""
3303,"103010054",OLD R R NO.1015,,MbPT STRUCTURE,MAZGAON SEWREE RECLAMATION (COTTON DEPOT),32.98,782,OLD R R NO.1015,"10301431",3,,,,32.9800,1.0000,"","1960-07-01",""
3303,"103010054",OLD R R NO.1015,,MbPT STRUCTURE,MAZGAON SEWREE RECLAMATION (COTTON DEPOT),32.98,782,OLD R R NO.1015,"20801644",8,,,,,,"","1985-02-05",""
3355,"103010106",WEST PORN OF SHED TW-2(HALF PN,,PRIVATE STRUCTURE,MAZGAON SEWREE RECLAMATION (COTTON DEPOT),6553.00,4359,WEST PORN OF SHED TW-2(HALF PN,,,,,,,,,,
3355,"103010106",WEST PORN OF SHED TW-2(HALF PN,,PRIVATE STRUCTURE,MAZGAON SEWREE RECLAMATION (COTTON DEPOT),6553.00,5431,WEST PORN OF SHED TW-2(HALF PN,,,,,,,,,,
3355,"103010106",WEST PORN OF SHED TW-2(HALF PN,,PRIVATE STRUCTURE,MAZGAON SEWREE RECLAMATION (COTTON DEPOT),6553.00,5432,WEST PORN OF SHED TW-2(HALF PN,,,,,,,,,,
8055,"103010108",GODOWN NO. E 52, , , ,417.23,4562,GODOWN NO. E 52,,,,,,,,,,
8056,"103010109",NORTH OF GDN.NO.J-154 PLOT NO3, , , ,91.97,4563,NORTH OF GDN.NO.J-154 PLOT NO3,,,,,,,,,,
8057,"103010110",PART-OF JETHA  B-29, , , ,150.50,4564,PART-OF JETHA  B-29,,,,,,,,,,
8057,"103010110",PART-OF JETHA  B-29, , , ,150.50,5457,PART-OF JETHA  B-29,,,,,,,,,,
8058,"103010111",OPEN JETHA D-45, , , ,227.43,4565,OPEN JETHA D-45,,,,,,,,,,
8059,"103010112",OPEN JETHA D-46, , , ,227.43,4566,OPEN JETHA D-46,,,,,,,,,,
8060,"103010113",OPOE  JETHA D-47, , , ,227.43,4567,OPOE  JETHA D-47,,,,,,,,,,
8061,"103010114",OPEN JETHA D 65, , , ,227.43,4568,OPEN JETHA D 65,,,,,,,,,,
8062,"103010115",OPEN JETHA K 149, , , ,318.56,4569,OPEN JETHA K 149,,,,,,,,,,
8063,"103010116",SITE AT JN.OF BDRY.RD.&FRANJI, , , ,369.49,4570,SITE AT JN.OF BDRY.RD.&FRANJI,,,,,,,,,,
8064,"103010117","2 SOUTH OF GODOWN C 10", , , ,18.58,4571,"2 SOUTH OF GODOWN C 10",,,,,,,,,,
8065,"103010118","31", , , ,25.92,4572,"31",,,,,,,,,,
8066,"103010119","32", , , ,36.42,4573,"32",,,,,,,,,,
8067,"103010120","34 ON JETHA K 131", , , ,5.95,4574,"34 ON JETHA K 131",,,,,,,,,,
8068,"103010121","1 SOUTH OF GDN.E-54", , , ,131.64,4575,"1 SOUTH OF GDN.E-54",,,,,,,,,,
8069,"103010122",WATCHMAN'S CHKY NR.PT SH.TW-2, , , ,1.27,4576,WATCHMAN'S CHKY NR.PT SH.TW-2,,,,,,,,,,
8222,"103010123",OLD ARP'B'-5, , , ,293.05,4728,OLD ARP'B'-5,,,,,,,,,,
8223,"103010124",OLD RR 979, , , ,427.35,4729,OLD RR 979,,,,,,,,,,
8224,"103010125",OLD ARP PLOT B -6, , , ,307.18,4730,OLD ARP PLOT B -6,,,,,,,,,,
8226,"103010127",OLD ARP B-4 IN LIEU OF K-153, , , ,329.09,4732,OLD ARP B-4 IN LIEU OF K-153,,,,,,,,,,
8227,"103010128",OLD ARP B-7 IN LIEU OF JH K152, , , ,310.91,4733,OLD ARP B-7 IN LIEU OF JH K152,,,,,,,,,,
3443,"104010082","27 AT COAL DEPOT",,OPEN PLOT,MAZGAON SEWREE RECLAMATION (GRAIN & COTTON DEPOT),166.85,913,"27 AT COAL DEPOT","10401302",4,,,,166.8500,0.0000,"","1970-02-28",""
3443,"104010082","27 AT COAL DEPOT",,OPEN PLOT,MAZGAON SEWREE RECLAMATION (GRAIN & COTTON DEPOT),166.85,913,"27 AT COAL DEPOT","10401302",4,,,,166.8500,0.1000,"","1970-02-28",""
3443,"104010082","27 AT COAL DEPOT",,OPEN PLOT,MAZGAON SEWREE RECLAMATION (GRAIN & COTTON DEPOT),166.85,913,"27 AT COAL DEPOT","31101116",11,,,,,,"Petrol & oil, diesel pumps, service station, weigh bridge & other purposes connected with motor trade","1918-04-22",""
3467,"104010104","3B",,OPEN PLOT,MAZGAON SEWREE RECLAMATION (GRAIN & COTTON DEPOT),244.80,935,"3B","10401425",4,,,,244.8000,0.4600,storage of non-hazardous goods & office in connection therewith,"1973-11-01",""
3467,"104010104","3B",,OPEN PLOT,MAZGAON SEWREE RECLAMATION (GRAIN & COTTON DEPOT),244.80,935,"3B","10401425",4,,,,244.8000,0.0000,storage of non-hazardous goods & office in connection therewith,"1973-11-01",""
3467,"104010104","3B",,OPEN PLOT,MAZGAON SEWREE RECLAMATION (GRAIN & COTTON DEPOT),244.80,935,"3B","31101134",11,,,,,,"","1918-08-01",""
3516,"104010149",D-2  COAL DEPOT,,OPEN PLOT,MAZGAON SEWREE RECLAMATION (GRAIN & COTTON DEPOT),278.71,980,D-2  COAL DEPOT,"10401544",4,,,,278.7100,0.0000,storage of non-hazardous goods & office in connection therewith,"1960-06-01",""
3516,"104010149",D-2  COAL DEPOT,,OPEN PLOT,MAZGAON SEWREE RECLAMATION (GRAIN & COTTON DEPOT),278.71,980,D-2  COAL DEPOT,"10401544",4,,,,278.7100,1.0100,storage of non-hazardous goods & office in connection therewith,"1960-06-01",""
3552,"104010185",NORTH OF F SHED GRAIN DEPOT,,PRIVATE STRUCTURE,MAZGAON SEWREE RECLAMATION (GRAIN & COTTON DEPOT),82.31,1015,NORTH OF F SHED GRAIN DEPOT,"10401138",4,,,,82.3100,0.0000,"","1957-07-01",""
3552,"104010185",NORTH OF F SHED GRAIN DEPOT,,PRIVATE STRUCTURE,MAZGAON SEWREE RECLAMATION (GRAIN & COTTON DEPOT),82.31,1015,NORTH OF F SHED GRAIN DEPOT,"10401138",4,,,,82.3100,0.9500,"","1957-07-01",""
3552,"104010185",NORTH OF F SHED GRAIN DEPOT,,PRIVATE STRUCTURE,MAZGAON SEWREE RECLAMATION (GRAIN & COTTON DEPOT),82.31,5029,NORTH OF F SHED GRAIN DEPOT,"10401138",4,,,,,,"","1957-07-01",""
3552,"104010185",NORTH OF F SHED GRAIN DEPOT,,PRIVATE STRUCTURE,MAZGAON SEWREE RECLAMATION (GRAIN & COTTON DEPOT),82.31,5030,NORTH OF F SHED GRAIN DEPOT,"10401138",4,,,,,,"","1957-07-01",""
3552,"104010185",NORTH OF F SHED GRAIN DEPOT,,PRIVATE STRUCTURE,MAZGAON SEWREE RECLAMATION (GRAIN & COTTON DEPOT),82.31,5305,NORTH OF F SHED GRAIN DEPOT,"10401138",4,,,,,,"","1957-07-01",""
3561,"104010194",Q-SOUTH MAZAGAON SEWREE RECLN.,,PRIVATE STRUCTURE,MAZGAON SEWREE RECLAMATION (GRAIN & COTTON DEPOT),1264.80,1023,Q-SOUTH MAZAGAON SEWREE RECLN.,"10401207",4,,,,1264.8000,0.0000,"Petrol & oil, diesel pumps, service station, weigh bridge & other purposes connected with motor trade","1966-07-18",""
3561,"104010194",Q-SOUTH MAZAGAON SEWREE RECLN.,,PRIVATE STRUCTURE,MAZGAON SEWREE RECLAMATION (GRAIN & COTTON DEPOT),1264.80,1023,Q-SOUTH MAZAGAON SEWREE RECLN.,"10401207",4,,,,1454.2700,0.0000,"Petrol & oil, diesel pumps, service station, weigh bridge & other purposes connected with motor trade","1966-07-18",""
3561,"104010194",Q-SOUTH MAZAGAON SEWREE RECLN.,,PRIVATE STRUCTURE,MAZGAON SEWREE RECLAMATION (GRAIN & COTTON DEPOT),1264.80,1023,Q-SOUTH MAZAGAON SEWREE RECLN.,"10401207",4,,,,1264.8000,0.7500,"Petrol & oil, diesel pumps, service station, weigh bridge & other purposes connected with motor trade","1966-07-18",""
3575,"104010208",RR 1678,,PRIVATE STRUCTURE,MAZGAON SEWREE RECLAMATION (GRAIN & COTTON DEPOT),2748.53,1037,RR 1678,"10401219",4,,,,2748.5300,0.8000,"Petrol & oil, diesel pumps, service station, weigh bridge & other purposes connected with motor trade","1946-10-29",""
3575,"104010208",RR 1678,,PRIVATE STRUCTURE,MAZGAON SEWREE RECLAMATION (GRAIN & COTTON DEPOT),2748.53,1037,RR 1678,"10401219",4,,,,2748.5300,0.0000,"Petrol & oil, diesel pumps, service station, weigh bridge & other purposes connected with motor trade","1946-10-29",""
3589,"104010222",SHED ON R R 1715  M S R,,MbPT STRUCTURE,MAZGAON SEWREE RECLAMATION (GRAIN & COTTON DEPOT),7332.19,1046,SHED ON R R 1715  M S R,"31202223",12,,,,,,"","1957-09-01",""
3589,"104010222",SHED ON R R 1715  M S R,,MbPT STRUCTURE,MAZGAON SEWREE RECLAMATION (GRAIN & COTTON DEPOT),7332.19,5037,SHED ON R R 1715  M S R,,,,,,,,,,
8398,"104010222",E SHED(BAY 53 TO 70),,"",MAZGAON SEWREE RECLAMATION (GRAIN & COTTON DEPOT),2659.76,6072,E SHED(BAY 53 TO 70),"10401151",4,,,,2659.7600,1.0000,storage of non-hazardous goods & office in connection therewith,"1966-06-01",""
7944,"104010234",R R 1465 & 1466, , , ,7646.85,4460,R R 1465 & 1466,,,,,,,,,,
7997,"104010235",NORTH OF A SHED GRAIN DEPOT, , , ,117.06,4504,NORTH OF A SHED GRAIN DEPOT,,,,,,,,,,
7998,"104010236",RR NO 2048, , , ,355.35,4505,RR NO 2048,,,,,,,,,,
8070,"104010238",SOUTH OF C SHED GRAIN DEPOT, , , ,222.97,4577,SOUTH OF C SHED GRAIN DEPOT,,,,,,,,,,
8071,"104010239",NORTH OF C SHED, , , ,292.64,4578,NORTH OF C SHED,,,,,,,,,,
8072,"104010240",SOUTH OF D SHED, , , ,13.38,4579,SOUTH OF D SHED,,,,,,,,,,
8073,"104010241",SOUTH OF T SHED, , , ,34.28,4580,SOUTH OF T SHED,,,,,,,,,,
8074,"104010242",SOUTH OF T SHED, , , ,52.77,4581,SOUTH OF T SHED,,,,,,,,,,
8075,"104010243",SOUTH OF T SHED GRAIN DEPOT, , , ,104.05,4582,SOUTH OF T SHED GRAIN DEPOT,,,,,,,,,,
8076,"104010244",NORTH OF T SHED GRAIN DEPOTMSR, , , ,104.05,4583,NORTH OF T SHED GRAIN DEPOTMSR,,,,,,,,,,
8077,"104010245",NORTH OF T SHED M S R, , , ,29.91,4584,NORTH OF T SHED M S R,,,,,,,,,,
8078,"104010246",SOUTH OF F SHED, , , ,209.03,4585,SOUTH OF F SHED,,,,,,,,,,
8082,"104010250",NORTH OF H SHED GRAIN DEPOTMSR, , , ,475.76,4589,NORTH OF H SHED GRAIN DEPOTMSR,,,,,,,,,,
8084,"104010252",RR 1931, , , ,271.28,4591,RR 1931,,,,,,,,,,
8085,"104010253","8 COAL DEPOT", , , ,379.97,4592,"8 COAL DEPOT",,,,,,,,,,
8086,"104010254","13 AT COAL DEPOT", , , ,319.87,4593,"13 AT COAL DEPOT",,,,,,,,,,
8087,"104010255","14 COAL DEPOT", , , ,376.26,4594,"14 COAL DEPOT",,,,,,,,,,
8088,"104010256","17 AT COAL DEPOT", , , ,376.26,4595,"17 AT COAL DEPOT",,,,,,,,,,
8089,"104010257",PLOT 18, , , ,263.38,4596,PLOT 18,,,,,,,,,,
8090,"104010258","23(NORTH HALE OF 35)", , , ,376.81,4597,"23(NORTH HALE OF 35)",,,,,,,,,,
8091,"104010259","25 WEST RD", , , ,153.29,4598,"25 WEST RD",,,,,,,,,,
8093,"104010261","27 B COAL DEPOT", , , ,255.20,4600,"27 B COAL DEPOT",,,,,,,,,,
8094,"104010262","28 C OF COAL DEPOT", , , ,427.26,4601,"28 C OF COAL DEPOT",,,,,,,,,,
8099,"104010267","3 A AT COAL DEPOT", , , ,266.63,4606,"3 A AT COAL DEPOT",,,,,,,,,,
8102,"104010270",I 2 & COAL DEPOT., , , ,278.71,4609,I 2 & COAL DEPOT.,,,,,,,,,,
8103,"104010271",C-2  COAL DEPOT, , , ,278.71,4610,C-2  COAL DEPOT,,,,,,,,,,
8105,"104010273",A-3, , , ,278.71,4612,A-3,,,,,,,,,,
8106,"104010274",A-4, , , ,278.71,4613,A-4,,,,,,,,,,
8109,"104010277",ADDL.LAND OF EAST OF R R 1669, , , ,279.29,4616,ADDL.LAND OF EAST OF R R 1669,,,,,,,,,,
8110,"104010278",ADDL.LAND EAST OF 1671, , , ,146.29,4617,ADDL.LAND EAST OF 1671,,,,,,,,,,
3606,"205010002","161 SURAT STREET",,,MAZGAON SEWREE RECLAMATION (EAST),0.00,1058,SITEA&B/STRIPX&Y,"20501111",5,,,,125330.6900,0.2900,storage of non-hazardous goods & office in connection therewith,"1971-11-01",""
3631,"205010005","17 A",,,MAZGAON SEWREE RECLAMATION (EAST),61406.96,1068,OLD RR NO 1537,"31202231",12,,,,,,storage of non-hazardous goods & office in connection therewith,"1956-12-05",""
3632,"205010006","17 BEARING R R NO 874",,,MAZGAON SEWREE RECLAMATION (EAST),17536.29,1069,OLD RR NO 1655,"31202232",12,,,,,,"","1950-05-01",""
3645,"205010008","1713",,,MAZGAON SEWREE RECLAMATION (EAST),35.67,4378,GARAGE NO 2 ATT.TO AFS QUARTER,,,,,,,,,,
3646,"205010009","1714",,,MAZGAON SEWREE RECLAMATION (EAST),1896.71,4379,R R NO 1881,,,,,,,,,,
3731,"205010010","2(SEWREE GADI ADDA)",,,MAZGAON SEWREE RECLAMATION (EAST),289.21,1105,"2(SEWREE GADI ADDA)",,,,,,,,,,
7545,"205010021",OLD RR NO 1692,,Private Structure,,12529.45,2758,OLD RR NO 1692,,,,,,,,,,
7558,"205010034",RR NO 1724,,Private Structure,,9485.87,2771,RR NO 1724,,,,,,,,,,
7559,"205010035",RR NO 1647,,Private Structure,,15872.21,2772,RR NO 1647,,,,,,,,,,
7560,"205010036",RR NO 1581,,Private Structure,,17582.26,2773,RR NO 1581,,,,,,,,,,
7561,"205010037",RR NO 1540(ADDL LAND),,Private Structure,,12425.04,2774,RR NO 1540(ADDL LAND),,,,,,,,,,
7561,"205010037",RR NO 1540(ADDL LAND),,Private Structure,,12425.04,4982,RR NO 1540(ADDL LAND),,,,,,,,,,
7561,"205010037",RR NO 1540(ADDL LAND),,Private Structure,,12425.04,5185,RR NO 1540(ADDL LAND),,,,,,,,,,
7561,"205010037",RR NO 1540(ADDL LAND),,Private Structure,,12425.04,5383,RR NO 1540(ADDL LAND),,,,,,,,,,
7563,"205010039",OLD RR NO 1547,,Private Structure,,55.74,2776,OLD RR NO 1547,,,,,,,,,,
7563,"205010039",OLD RR NO 1547,,Private Structure,,55.74,4984,OLD RR NO 1547,,,,,,,,,,
7564,"205010040",OLD RR NO 1594,,Private Structure,,5800.96,2777,OLD RR NO 1594,,,,,,,,,,
7564,"205010040",OLD RR NO 1594,,Private Structure,,5800.96,4985,OLD RR NO 1594,,,,,,,,,,
7565,"205010041",ADDL.LAND NORTH OF OLD RR 1655,,Private Structure,,1702.26,2778,ADDL.LAND NORTH OF OLD RR 1655,,,,,,,,,,
7569,"205010045",ADDL LAND TO N OF OLD RR 1692,,Private Structure,,2173.38,2782,ADDL LAND TO N OF OLD RR 1692,,,,,,,,,,
7571,"205010047",RR NO. 1836 & 1743,,Open Plot,,6959.83,2784,RR NO. 1836 & 1743,,,,,,,,,,
8112,"205010051","14 AT MANGANESE ORE DEPOT MSR", , , ,1837.99,4619,"14 AT MANGANESE ORE DEPOT MSR",,,,,,,,,,
8124,"205010063",GARRAGE NO 3 ATTACHED AFS QTRS, , , ,35.67,4631,GARRAGE NO 3 ATTACHED AFS QTRS,,,,,,,,,,
8125,"205010064","26 ADJ.TO GARAGE 3 AT AFS QTRS", , , ,68.28,4632,"26 ADJ.TO GARAGE 3 AT AFS QTRS",,,,,,,,,,
8126,"205010065",GARRAGE 1 SOUTH OF EX.AFS.QTR., , , ,35.67,4633,GARRAGE 1 SOUTH OF EX.AFS.QTR.,,,,,,,,,,
8128,"205010067","27 SEWREE TIMBER POND", , , ,543.48,4635,"27 SEWREE TIMBER POND",,,,,,,,,,
8129,"205010068","120 NEW PLOT 28", , , ,429.86,4636,"120 NEW PLOT 28",,,,,,,,,,
8251,"205020001",OLD R R NO 876, , , ,283952.94,4757,OLD R R NO 876,,,,,,,,,,
5478,"206010021","21",,,MAZGAON TANK BUNDER,70.61,2684,"21","20601117",6,,,,67.3800,1.0000,Factory & Storage Of Non Hazardous Goods,"1967-11-01",""
5481,"206010024","26",,, MAZGAON TANK BUNDER,127.18,2687,"26","20601121",6,,,,127.1800,1.4100,storage of non-hazardous goods & office in connection therewith,"1965-03-01",""
5483,"206010026","29",,, MAZGAON TANK BUNDER,178.75,2689,"29","20601127",6,,,,178.7500,1.1400,storage of non-hazardous goods & office in connection therewith,"1961-11-01",""
5485,"206010028","31",,, MAZGAON TANK BUNDER,66.61,2691,"31","20601129",6,,,,66.6100,1.1500,"","1968-04-01",""
5486,"206010029","32",,,MAZGAON TANK BUNDER,136.85,2692,"32","20601130",6,,,,136.8500,0.7600,storage of non-hazardous goods & office in connection therewith,"1966-02-01",""
5490,"206010033","36",,, MAZGAON TANK BUNDER,49.80,2696,"36","20601134",6,,,,49.8000,1.2200,storage of non-hazardous goods & office in connection therewith,"1968-07-01",""
5503,"206010046","55",,, MAZGAON TANK BUNDER,84.54,2709,"55","20601209",6,,,,84.5400,2.0000,storage of non-hazardous goods & office in connection therewith,"1964-09-01",""
5522,"206010061","92",,,MAZGAON TANK BUNDER,184.41,2727,"92","20601234",6,,,,184.4100,0.9600,storage of non-hazardous goods & office in connection therewith,"1975-02-01",""
5544,"206010082","120",,, MAZGAON TANK BUNDER,581.29,2748,"120","20601311",6,,,,581.2900,0.9800,"","1968-10-01",""
5545,"206010083","121",,, MAZGAON TANK BUNDER,411.37,2749,"121","20601312",6,,,,411.3700,1.6400,"","1973-08-01",""
5545,"206010083","121",,, MAZGAON TANK BUNDER,411.37,5172,"121","20601312",6,,,,,,"","1973-08-01",""
5545,"206010083","121",,, MAZGAON TANK BUNDER,411.37,5375,"121","20601312",6,,,,,,"","1973-08-01",""
5547,"206010085","124",,,MAZGAON TANK BUNDER,734.58,2751,"124","20601315",6,,,,734.5800,1.1400,"","1961-08-01",""
5547,"206010085","124",,,MAZGAON TANK BUNDER,734.58,5173,"124","20601315",6,,,,,,"","1961-08-01",""
5547,"206010085","124",,,MAZGAON TANK BUNDER,734.58,5376,"124","20601315",6,,,,,,"","1961-08-01",""
7575,"206010089",R R NO 1927,,Private Structure,,748.61,2788,R R NO 1927,,,,,,,,,,
8000,"206010124","24", , , ,1331.67,4507,"24",,,,,,,,,,
8000,"206010124","24", , , ,1331.67,5454,"24",,,,,,,,,,
8005,"206010129","100", , , ,247.12,4512,"100",,,,,,,,,,
8006,"206010130",RR NO 2005, , , ,327.67,4513,RR NO 2005,,,,,,,,,,
7947,"206020006","60    (OPEN STRIP)", , , ,21.95,4461,"60    (OPEN STRIP)",,,,,,,,,,
5470,"207010048","5",,,MAZGAON RECLAMATION (NORTH),118.36,2676,"5","20701109",7,,,,118.3600,0.4200,Lorry weigh bridge & office in connection therewith,"1968-10-01",""
5470,"207010048","5",,,MAZGAON RECLAMATION (NORTH),118.36,5164,"5","20701109",7,,,,,,Lorry weigh bridge & office in connection therewith,"1968-10-01",""
5470,"207010048","5",,,MAZGAON RECLAMATION (NORTH),118.36,5370,"5","20701109",7,,,,,,Lorry weigh bridge & office in connection therewith,"1968-10-01",""
5473,"207010051","12",,,MAZGAON RECLAMATION (NORTH),810.76,2679,"12","20701114",7,,,,810.7600,1.1300,"","1972-06-01",""
7637,"207010076","203 & 210",,Private Structure,,213.49,2850,"203 & 210","20701129",7,,,,213.4900,1.6100,"","1960-12-01",""
7637,"207010076","203 & 210",,Private Structure,,213.49,2850,"203 & 210","20701129",7,,,,15.0300,1.6100,"","1960-12-01",""
7637,"207010076","203 & 210",,Private Structure,,213.49,5212,"203 & 210","20701129",7,,,,,,"","1960-12-01",""
7637,"207010076","203 & 210",,Private Structure,,213.49,5403,"203 & 210","20701129",7,,,,,,"","1960-12-01",""
7648,"207010087","220 QUAY STREET",,Private Structure,,150.39,2861,"220 QUAY STREET","20701143",7,,,,150.3900,1.9400,"","1970-09-01",""
7695,"207010134",R R 2004,,Private Structure,,5499.30,2908,R R 2004,"20701339",7,,,,5499.3000,0.7300,"","1960-11-01",""
7695,"207010134",R R 2004,,Private Structure,,5499.30,5259,R R 2004,"20701339",7,,,,,,"","1960-11-01",""
7695,"207010134",R R 2004,,Private Structure,,5499.30,5260,R R 2004,"20701339",7,,,,,,"","1960-11-01",""
7701,"207010140","328 SUPPLY OF RR 2004",,Private Structure,,90.67,2914,"328 SUPPLY OF RR 2004","20701348",7,,,,90.6700,0.4200,"Petrol & oil, diesel pumps, service station, weigh bridge & other purposes connected with motor trade","1973-06-15",""
7711,"207010150","334",,Open Plot,,66.61,2924,"334","20701410",7,,,,66.6100,0.0000,storage of non-hazardous goods & office in connection therewith,"1982-04-14",""
7711,"207010150","334",,Open Plot,,66.61,6059,"L.F FOR OFFICE SPACE IN MARATHA MANDIR BLDG.
","31209104",12,,,,180.6200,0.0000,"","2004-09-13",""
8007,"207010151",R R 1950, , , ,3234.32,4514,R R 1950,,,,,,,,,,
8007,"207010151",R R 1950, , , ,3234.32,5455,R R 1950,,,,,,,,,,
8008,"207010152","219 QUAY STREET", , , ,330.96,4515,"219 QUAY STREET",,,,,,,,,,
8009,"207010153","228 QUAY RD", , , ,132.85,4516,"228 QUAY RD",,,,,,,,,,
8010,"207010154","278", , , ,244.06,4517,"278",,,,,,,,,,
8011,"207010155","294 B", , , ,38.65,4518,"294 B",,,,,,,,,,
3695,"208010030","187A/1",,,MAZGAON RECLAMATION (SOUTH),4.83,1094,"187A/1","20801429",8,,,,4.8300,0.3800,storage of non-hazardous goods & office in connection therewith,"1945-10-01",""
3695,"208010030","187A/1",,,MAZGAON RECLAMATION (SOUTH),4.83,1094,"187A/1","41304345",13,,,,,,"","1957-05-01",""
4032,"208010059","32 AT PANTON BUNDER",,,MAZGAON RECLAMATION (SOUTH),258.55,1173,"32 AT PANTON BUNDER",,,,,,,,,,
5509,"208010097","62",,,MAZGAON RECLAMATION (SOUTH),412.30,2714,"62","20801149",8,,,,412.3000,0.4100,storage of non-hazardous goods & office in connection therewith,"1963-08-01",""
7712,"208010099",RRNO 2017 AT MAGAZINE STREET,,Private Structure,,2789.32,2925,RRNO 2017 AT MAGAZINE STREET,,,,,,,,,,
7712,"208010099",RRNO 2017 AT MAGAZINE STREET,,Private Structure,,2789.32,5265,RRNO 2017 AT MAGAZINE STREET,,,,,,,,,,
7776,"208010163","118 KASSARA STREET",,Private Structure,,55.18,2989,"118 KASSARA STREET","20801305",8,,,,55.1800,1.8900,storage of non-hazardous goods & office in connection therewith,"1958-04-18",""
7779,"208010166","121 KASSARA STREET",,Private Structure,,113.71,2992,"121 KASSARA STREET","20801308",8,,,,113.7100,1.2300,storage of non-hazardous goods & office in connection therewith,"1977-05-01",""
7804,"208010191","148 QUAY STREET",,Private Structure,,146.42,3017,"148 QUAY STREET","10101961",1,,,,,,"","1873-01-01",""
7804,"208010191","148 QUAY STREET",,Private Structure,,146.42,3017,"148 QUAY STREET","20801336",8,,,,146.4200,1.6200,storage of non-hazardous goods & office in connection therewith,"1972-11-01",""
7816,"208010203","161",,Private Structure,,153.85,3029,"161","10104903",1,,,,,,"","1873-01-01",""
7816,"208010203","161",,Private Structure,,153.85,3029,"161","20801349",8,,,,153.8500,2.0000,storage of non-hazardous goods & office in connection therewith,"1961-08-01",""
7823,"208010210",COMPT 1&2,,Mb.P.T. Structure,,102.01,3036,COMPT 1&2,"10104910",1,,,,,,"","1873-01-01",""
8015,"208010291", 46 MAGAZINE STREET, , , ,350.06,4522,"46 MAGAZINE STREET",,,,,,,,,,
8017,"208010293", COMPTT 3, , , ,9.29,4524, COMPTT 3,,,,,,,,,,
8019,"208010295","215", , , ,154.03,4526,"215",,,,,,,,,,
7904,"208020001",SHOP 4 BPT CHAWL WADI BUNDER,,Mb.P.T. Structure,,20.81,3117,SHOP 4 BPT CHAWL WADI BUNDER,"20802101",8,,,,20.8100,1.0000,storage of non-hazardous goods & office in connection therewith,"1959-09-01",""
7905,"208020002",SHOP 5 WADI BR BPT CHAWL,,Mb.P.T. Structure,,17.84,3118,SHOP 5 WADI BR BPT CHAWL,"20802102",8,,,,17.8400,0.0000,"","1975-08-01",""
7906,"208020003",STALL NO 5 BPT CHAWL WADI BUND,,Mb.P.T. Structure,,1.49,3119,STALL NO 5 BPT CHAWL WADI BUND,"10104968",1,,,,,,"","1873-01-01",""
7906,"208020003",STALL NO 5 BPT CHAWL WADI BUND,,Mb.P.T. Structure,,1.49,3119,STALL NO 5 BPT CHAWL WADI BUND,"20802103",8,,,,1.4900,1.0000,storage of non-hazardous goods & office in connection therewith,"1966-07-01",""
7907,"208020004",STALL NO.6 BPT WADI BUNDER,,Mb.P.T. Structure,,1.49,3120,STALL NO.6 BPT WADI BUNDER,"10104969",1,,,,,,"","1873-01-01",""
7907,"208020004",STALL NO.6 BPT WADI BUNDER,,Mb.P.T. Structure,,1.49,3120,STALL NO.6 BPT WADI BUNDER,"20802104",8,,,,1.4900,1.0000,storage of non-hazardous goods & office in connection therewith,"1959-02-01",""
7908,"208020005",STALL 8 BPT CHAWL WADI BUNDER,,Mb.P.T. Structure,,1.49,3121,STALL 8 BPT CHAWL WADI BUNDER,"10104970",1,,,,,,"","1873-01-01",""
7908,"208020005",STALL 8 BPT CHAWL WADI BUNDER,,Mb.P.T. Structure,,1.49,3121,STALL 8 BPT CHAWL WADI BUNDER,"20802105",8,,,,1.4900,1.0000,storage of non-hazardous goods & office in connection therewith,"1953-01-27",""
7909,"208020006",STALL 11 BPT CHAWL WADI BR,,Mb.P.T. Structure,,1.49,3122,STALL 11 BPT CHAWL WADI BR,"10104971",1,,,,,,"","1873-01-01",""
7909,"208020006",STALL 11 BPT CHAWL WADI BR,,Mb.P.T. Structure,,1.49,3122,STALL 11 BPT CHAWL WADI BR,"20802106",8,,,,1.4900,1.0000,storage of non-hazardous goods & office in connection therewith,"1953-08-13",""
7910,"208020007",STALL 12 BPT WADI BR CHAWL,,Mb.P.T. Structure,,1.49,3123,STALL 12 BPT WADI BR CHAWL,"10105901",1,,,,,,"","1873-01-01",""
7910,"208020007",STALL 12 BPT WADI BR CHAWL,,Mb.P.T. Structure,,1.49,3123,STALL 12 BPT WADI BR CHAWL,"20802107",8,,,,1.4900,1.0000,storage of non-hazardous goods & office in connection therewith,"1957-10-01",""
7913,"208020010",NEW SHOP NO 3,,Mb.P.T. Structure,,21.45,3126,NEW SHOP NO 3,"10105903",1,,,,,,"","1873-01-01",""
7913,"208020010",NEW SHOP NO 3,,Mb.P.T. Structure,,21.45,3126,NEW SHOP NO 3,"20802111",8,,,,21.4500,1.5300,storage of non-hazardous goods & office in connection therewith,"1976-02-13",""
7914,"208020011",NEW SHOP NO 4,,Mb.P.T. Structure,,21.45,3127,NEW SHOP NO 4,"10105904",1,,,,,,"","1873-01-01",""
7914,"208020011",NEW SHOP NO 4,,Mb.P.T. Structure,,21.45,3127,NEW SHOP NO 4,"20802112",8,,,,21.4500,1.5300,storage of non-hazardous goods & office in connection therewith,"1976-03-26",""
7915,"208020012",SHOP NO 5 WADI BR,,Mb.P.T. Structure,,21.45,3128,SHOP NO 5 WADI BR,"10105905",1,,,,,,"","1873-01-01",""
7915,"208020012",SHOP NO 5 WADI BR,,Mb.P.T. Structure,,21.45,3128,SHOP NO 5 WADI BR,"20802113",8,,,,21.4500,1.5400,"","1976-03-26",""
7916,"208020013",NEW SHOP NO 6 WADI BUNDER,,Mb.P.T. Structure,,21.45,3129,NEW SHOP NO 6 WADI BUNDER,"10105951",1,,,,,,"","1873-01-01",""
7916,"208020013",NEW SHOP NO 6 WADI BUNDER,,Mb.P.T. Structure,,21.45,3129,NEW SHOP NO 6 WADI BUNDER,"20802114",8,,,,21.4500,1.5400,"","1976-03-26",""
7917,"208020014",NEW SHOP NO 2,,Mb.P.T. Structure,,21.45,3130,NEW SHOP NO 2,"10105952",1,,,,,,"","1873-01-01",""
7917,"208020014",NEW SHOP NO 2,,Mb.P.T. Structure,,21.45,3130,NEW SHOP NO 2,"20802115",8,,,,21.4500,1.5400,"","1976-07-01",""
4230,"309010007","121",,,ELPHINSTON (EAST),71.35,1249,"121","30901421",9,,,,71.3500,1.3100,"","1978-05-26",""
4230,"309010007","121",,,ELPHINSTON (EAST),71.35,5078,"121","30901421",9,,,,,,"","1978-05-26",""
4230,"309010007","121",,,ELPHINSTON (EAST),71.35,5323,"121","30901421",9,,,,,,"","1978-05-26",""
4234,"309010010","159",,,ELPHINSTON (EAST),11569.68,1253,"159",,,,,,,,,,
4234,"309010010","159",,,ELPHINSTON (EAST),11569.68,5080,"159",,,,,,,,,,
4234,"309010010","159",,,ELPHINSTON (EAST),11569.68,5325,"159",,,,,,,,,,
4234,"309010010","159",,,ELPHINSTON (EAST),11569.68,5326,"159",,,,,,,,,,
4236,"309010012","161",,,ELPHINSTON (EAST),2.00,1255,"161","30901426",9,,,,2.0000,1.0000,storage of non-hazardous goods & office in connection therewith,"1984-07-01",""
4284,"309010014","120 121-A,121-B,122 & 119",,,ELPHINSTON (EAST),1348.63,1442,"120 121-A,121-B,122 & 119","30901417",9,,,,1348.6300,0.0000,"","1975-07-25",""
4288,"309010015","124 & 125",,,ELPHINSTON (EAST),355.44,1443,"124 & 125","30901402",9,,,,34.1400,1.0000,"","1958-10-01",""
4288,"309010015","124 & 125",,,ELPHINSTON (EAST),355.44,1443,"124 & 125","30901402",9,,,,34.1500,0.0000,"","1958-10-01",""
4288,"309010015","124 & 125",,,ELPHINSTON (EAST),355.44,5083,"124 & 125","30901402",9,,,,,,"","1958-10-01",""
4288,"309010015","124 & 125",,,ELPHINSTON (EAST),355.44,5328,"124 & 125","30901402",9,,,,,,"","1958-10-01",""
4583,"309010045",OLD RR 1616,,,ELPHINSTON (EAST),138.00,1755,OLD RR 1616,,,,,,,,,,
4633,"309010056",PLOT NO 59 AT MANSON ROAD,,,ELPHINSTON (EAST),74.79,1800,PLOT NO 59 AT MANSON ROAD,"30901247",9,,,,74.7900,1.0000,storage of non-hazardous goods & office in connection therewith,"1959-08-01",""
4639,"309010060",PLOT NO 78,,,ELPHINSTON (EAST),53.51,1804,PLOT NO 78,,,,,,,,,,
4661,"309010072",PT SHED ON PLOT NO.70,,,ELPHINSTON (EAST),69.89,1825,PT SHED ON PLOT NO.70,,,,,,,,,,
7985,"309010095",FML PLOT 42 AT MANSON ROAD, , , ,44.31,4492,FML PLOT 42 AT MANSON ROAD,,,,,,,,,,
8134,"309010099",PLOT NO 48 AT MANSON ROAD, , , ,35.44,4641,PLOT NO 48 AT MANSON ROAD,,,,,,,,,,
8134,"309010099",PLOT NO 48 AT MANSON ROAD, , , ,35.44,5469,PLOT NO 48 AT MANSON ROAD,,,,,,,,,,
8134,"309010099",PLOT NO 48 AT MANSON ROAD, , , ,35.44,5470,PLOT NO 48 AT MANSON ROAD,,,,,,,,,,
8136,"309010101",PLOT NO.60 AT MANSION ROAD, , , ,19.51,4643,PLOT NO.60 AT MANSION ROAD,"30901248",9,,,,19.5100,1.0000,"","1959-01-01",""
8141,"309010106",PLOT NO 118, , , ,139.35,4648,PLOT NO 118,,,,,,,,,,
8152,"309010117","62 & 63", , , ,128.58,4659,"62 & 63",,,,,,,,,,
8152,"309010117","62 & 63", , , ,128.58,5474,"62 & 63",,,,,,,,,,
8152,"309010117","62 & 63", , , ,128.58,5475,"62 & 63",,,,,,,,,,
8153,"309010118","3", , , ,14.80,4660,"3",,,,,,,,,,
8153,"309010118","3", , , ,14.80,5476,"3",,,,,,,,,,
8153,"309010118","3", , , ,14.80,5477,"3",,,,,,,,,,
8154,"309010119","114,115,116,117coterminous with plt 159&159A", , , ,1200.12,4661,"114,115,116,117coterminous with plt 159&159A",,,,,,,,,,
8218,"309010142",OLD R R 1829, , , ,194.26,4724,OLD R R 1829,,,,,,,,,,
8232,"309010147",OLD RR 1622, , , ,287.07,4738,OLD RR 1622,,,,,,,,,,
8233,"309010148",OLD R R 1866, , , ,143.54,4739,OLD R R 1866,,,,,,,,,,
8234,"309010149",OLD RR 1621 MANSON ROAD, , , ,143.54,4740,OLD RR 1621 MANSON ROAD,,,,,,,,,,
4224,"310010002","92",,,ELPHINSTON (WEST),191.47,1243,"92",,,,,,,,,,
4224,"310010002","92",,,ELPHINSTON (WEST),191.47,5074,"92",,,,,,,,,,
4231,"310010004","121",,,ELPHINSTON (WEST),567.73,1250,"121","31001509",10,,,,567.7300,3.6500,"","1994-04-01",""
4231,"310010004","121",,,ELPHINSTON (WEST),567.73,1250,"121","31001509",10,,,,567.7300,0.0000,"","1994-04-01",""
4302,"310010026","161 SURAT STREET",,,ELPHINSTON (WEST),371.61,1457,"161 SURAT STREET","31001426",10,,,,371.6100,1.0400,storage of non-hazardous goods & office in connection therewith,"1953-01-01",""
7919,"310010209","13 SHOLAPUR ST",,Open Plot,,468.24,3132,"13 SHOLAPUR ST","10105954",1,,,,,,"","1873-01-01",""
7919,"310010209","13 SHOLAPUR ST",,Open Plot,,468.24,5290,"13 SHOLAPUR ST",,,,,,,,,,
8155,"310010213","4 SOUTH ELPHISTON BRIDGE", , , ,195.10,4662,"4 SOUTH ELPHISTON BRIDGE",,,,,,,,,,
8161,"310010219","13 POONA ST(NORTH)", , , ,58.99,4668,"13 POONA ST(NORTH)",,,,,,,,,,
8162,"310010220","13 BET.SHOLAPUR & POONA ST.", , , ,981.07,4669,"13 BET.SHOLAPUR & POONA ST.",,,,,,,,,,
8171,"310010229",RR 1085 THANA STREET, , , ,387.54,4678,RR 1085 THANA STREET,,,,,,,,,,
8172,"310010230","62 BARODA ST", , , ,401.90,4679,"62 BARODA ST",,,,,,,,,,
8173,"310010231","62/3 BARODA ST", , , ,112.23,4680,"62/3 BARODA ST",,,,,,,,,,
8174,"310010232",YT 76, , , ,56.95,4681,YT 76,,,,,,,,,,
8175,"310010233",Y T 33, , , ,43.13,4682,Y T 33,,,,,,,,,,
8177,"310010235","87/72", , , ,144.65,4684,"87/72",,,,,,,,,,
8178,"310010236",FINAL PLOT NO 80/A, , , ,406.43,4685,FINAL PLOT NO 80/A,,,,,,,,,,
8180,"310010238",PORTION OF PLOT 162, , , ,481.61,4687,PORTION OF PLOT 162,,,,,,,,,,
8181,"310010239",POPRTION OF PLOT 162, , , ,105.35,4688,POPRTION OF PLOT 162,,,,,,,,,,
8183,"310010241","164", , , ,435.99,4690,"164",,,,,,,,,,
8184,"310010242","170-A", , , ,16.20,4691,"170-A",,,,,,,,,,
8247,"310010243",OIDRR1589, , , ,310.37,4753,OIDRR1589,,,,,,,,,,
8248,"310010244",OLD RR NO 1143, , , ,297.01,4754,OLD RR NO 1143,,,,,,,,,,
7986,"311010065","13/PART OF GARDEN PLOT C", , , ,156.63,4493,"13/PART OF GARDEN PLOT C",,,,,,,,,,
7987,"311010066","12 PART OF GARDEN PLOT C", , , ,210.46,4494,"12 PART OF GARDEN PLOT C",,,,,,,,,,
7989,"311010068",BEHIND STRAND HOUSE, , , ,37.40,4496,BEHIND STRAND HOUSE,,,,,,,,,,
4539,"311020026",OLD R R NO 2082,,,MODY BAY,401.53,1710,OLD R R NO 2082,"31102139",11,,,,401.5300,0.0000,"","1994-04-01",""
4539,"311020026",OLD R R NO 2082,,,MODY BAY,401.53,1710,OLD R R NO 2082,"31102139",11,,,,401.5300,3.4500,"","1994-04-01",""
7991,"311020118",R R 1925, , , ,251.12,4498,R R 1925,,,,,,,,,,
7992,"311020119",BPORTION OF OLD R.R.1768, , , ,1131.56,4499,BPORTION OF OLD R.R.1768,,,,,,,,,,
4213,"312020004","26",,,SASSOON DOCK,77.76,1233,"26","31202144",12,,,,77.7600,1.0000,storage of non-hazardous goods & office in connection therewith,"1947-08-01",""
4215,"312020006","36",,,SASSOON DOCK,13.38,1235,"36","31202220",12,,,,13.3800,2.0000,storage of non-hazardous goods & office in connection therewith,"1957-07-01",""
4332,"312020017","26B",,,SASSOON DOCK,9.38,1482,"26B","31202146",12,,,,9.3800,1.0000,storage of non-hazardous goods & office in connection therewith,"1957-11-16",""
4358,"312020030","36 C/C",,,SASSOON DOCK,2.23,1504,"36 C/C","31202209",12,,,,2.2300,1.0000,storage of non-hazardous goods & office in connection therewith,"1959-01-01",""
4458,"312020037",GDN NO 158,,,SASSOON DOCK,1460.59,1600,GDN NO 158,"31202140",12,,,,1184.4200,2.6900,storage of non-hazardous goods & office in connection therewith,"1969-09-01",""
4458,"312020037",GDN NO 158,,,SASSOON DOCK,1460.59,1600,GDN NO 158,"31202140",12,,,,1184.5100,2.6900,storage of non-hazardous goods & office in connection therewith,"1969-09-01",""
4463,"312020040",GODOWN NO 162 & Plot 29,,,SASSOON DOCK,419.98,4412,GODOWN NO 162,,,,,,,,,,
4463,"312020040",GODOWN NO 162 & Plot 29,,,SASSOON DOCK,419.98,5438,GODOWN NO 162,,,,,,,,,,
4463,"312020040",GODOWN NO 162 & Plot 29,,,SASSOON DOCK,419.98,5439,GODOWN NO 162,,,,,,,,,,
4586,"312020048",OLD RR 1773,,,SASSOON DOCK,3172.79,1758,OLD RR 1773,"31202128",12,,,,2719.9200,1.9100,"","1968-12-01",""
4586,"312020048",OLD RR 1773,,,SASSOON DOCK,3172.79,5094,OLD RR 1773,"31202128",12,,,,,,"","1968-12-01",""
4586,"312020048",OLD RR 1773,,,SASSOON DOCK,3172.79,5337,OLD RR 1773,"31202128",12,,,,,,"","1968-12-01",""
4613,"312020052",P T 161 & MbPT QRTS,,,SASSOON DOCK,519.65,1783,EAST GROUND FLOOR ROOM P T 161,,,,,,,,,,
4613,"312020052",P T 161 & MbPT QRTS,,,SASSOON DOCK,519.65,5095,EAST GROUND FLOOR ROOM P T 161,"31202147",12,,,,,,"","1963-02-01",""
4613,"312020052",P T 161 & MbPT QRTS,,,SASSOON DOCK,519.65,5338,EAST GROUND FLOOR ROOM P T 161,"31202147",12,,,,,,"","1963-02-01",""
4883,"312020064",RR NO.1455,,,SASSOON DOCK,972.88,2045,RR NO.1455,,,,,,,,,,
7955,"312020076",LAND ADJ TO GO DOWN NO 169, , , ,22.95,4466,LAND ADJ TO GO DOWN NO 169,,,,,,,,,,
7957,"312020078","15 ML 46", , , ,757.06,4468,"15 ML 46",,,,,,,,,,
7958,"312020079","36 D 2", , , ,21.00,4469,"36 D 2",,,,,,,,,,
7959,"312020080","36 D 3", , , ,26.85,4470,"36 D 3",,,,,,,,,,
7961,"312020082","36 C/E", , , ,2.23,4472,"36 C/E",,,,,,,,,,
7964,"312020085","36 B/A", , , ,3.34,4475,"36 B/A",,,,,,,,,,
7966,"312020087","45", , , ,36.05,4477,"45",,,,,,,,,,
8193,"312020089",OLD R.R.NO.1861, , , ,267.38,4699,OLD R.R.NO.1861,,,,,,,,,,
7968,"312030004","66", , , ,46.71,3162,"66","20501960",5,,,,,,"","1873-01-01",""
7968,"312030004","66", , , ,46.71,3162,"66","31203326",12,,,,46.7100,1.0000,"","1959-06-01",""
7969,"312030005","65", , , ,490.53,4479,"65",,,,,,,,,,
4687,"312050025",R R 647,,,APPOLO RECLAMATION ,428.66,4425,R R 647,,,,,,,,,,
5434,"413040217",PART OF 10/8,,,LAKRI BUNDER,347.46,2593,PART OF 10/8,"41304404",13,,,,51.1000,1.8700,storage of non-hazardous goods & office in connection therewith,"1959-01-01",""
5434,"413040217",PART OF 10/8,,,LAKRI BUNDER,347.46,2594,PART OF 10/8,"41304405",13,,,,102.1900,2.0000,storage of non-hazardous goods & office in connection therewith,"1959-01-01",""
5434,"413040217",PART OF 10/8,,,LAKRI BUNDER,347.46,2595,PART OF 10/8,"41304406",13,,,,153.2900,1.5400,storage of non-hazardous goods & office in connection therewith,"1959-01-01",""
5434,"413040217",PART OF 10/8,,,LAKRI BUNDER,347.46,2596,PART OF 10/8,"41304407",13,,,,40.8800,1.4400,"","1959-01-01",""
5434,"413040217",PART OF 10/8,,,LAKRI BUNDER,347.46,5146,PART OF 10/8,"41304407",13,,,,,,"","1959-01-01",""
5434,"413040217",PART OF 10/8,,,LAKRI BUNDER,347.46,5361,PART OF 10/8,"41304407",13,,,,,,"","1959-01-01",""
8024,"413040221","35B/1", , , ,16.72,4531,"35B/1",,,,,,,,,,
5180,"413050061",,,,COAL BUNDER,204.48,2324,"261/15",,,,,,,,,,
5185,"413050065",,,,COAL BUNDER,113.71,2328,"266/15",,,,,,,,,,
5185,"413050065",,,,COAL BUNDER,113.71,5122,"266/15",,,,,,,,,,
8032,"413050112","228/6", , , ,1170.58,4539,"228/6",,,,,,,,,,
8033,"413050113","239/1A", , , ,745.55,4540,"239/1A",,,,,,,,,,
8034,"413050114","310/19", , , ,1336.13,4541,"310/19",,,,,,,,,,
8035,"413050115","235B/7", , , ,651.81,4542,"235B/7",,,,,,,,,,
4940,"413060008",,,,NEW TANK BUNDER,722.14,2098,"318","41306213",13,,,,722.1400,0.5700,storage of non-hazardous goods & office in connection therewith,"1996-01-03",""
5250,"413060034",,,,NEW TANK BUNDER,482.32,2392,"319/A","41306221",13,,,,482.3200,0.1200,"","1873-01-01",""
5342,"413060053","62/C",,,NEW TANK BUNDER,120.40,2480,M/s B.Pinto,"41306129",13,,,,120.4000,0.3500,Open storage of Manglore tiles,"1931-09-01",""
5342,"413060053","62/C",,,NEW TANK BUNDER,120.40,5135,"62/C","41306129",13,,,,,,Open storage of Manglore tiles,"1931-09-01",""
8036,"413060069","21/A", , , ,62.71,4543,"21/A",,,,,,,,,,
8037,"413060070","22/A", , , ,114.46,4544,"22/A",,,,,,,,,,
8038,"413060071","103/F", , , ,69.68,4545,"103/F",,,,,,,,,,
8039,"413060072","104/F", , , ,13.38,4546,"104/F",,,,,,,,,,
8041,"413060074","91/E", , , ,66.89,4548,"91/E",,,,,,,,,,
8042,"413060075","324A/B", , , ,1807.64,4549,"324A/B",,,,,,,,,,
4992,"413080004",,,,BRICK BUNDER,139.08,4431,"12/D",,,,,,,,,,
5317,"413080048",,,,BRICK BUNDER,193.33,2457,"55/A","41308204",13,,,,193.3300,1.0000,"","1957-12-27",""
4927,"414040004","13",,,JAMSHEDJI BUNDER,93.27,2085,"13","41404102",14,,,,54.6300,2.0000,storage of non-hazardous goods & office in connection therewith,"1957-12-31",""
7974,"414040014","12", , , ,52.68,4482,"12",,,,,,,,,,
4916,"414130002","3",,,MAHIM BUNDER,1634.91,2074,"3","41413103",14,,,,796.8300,0.4300,storage of non-hazardous goods & office in connection therewith,"1960-10-18",""
4918,"414130004","5",,,MAHIM BUNDER,772.77,2076,"5","41413102",14,,,,449.9300,0.0800,storage of non-hazardous goods & office in connection therewith,"1959-07-04",""
4919,"414130005","6",,,MAHIM BUNDER,648.00,2077,"6","41413125",14,,,,235.2300,0.0200,"","1999-10-01",""
4933,"414130015","29",,,MAHIM BUNDER,144.65,2091,"29","41413112",14,,,,35.1200,1.0000,storage of non-hazardous goods & office in connection therewith,"1942-06-01",""
5427,"414140001",LAND AT BI,,,"BUTCHER ISLAND, M.O.T.",1207.00,4457,LAND AT BI,,,,,,,,,,
