source_plot_id,plot_code,let_out_id,let_out_name,letout_b_area_id,tenancy_id,tenancy_area_sqm,consumed_fsi,built_up_area_rec,built_up_area_commercial,is_active,status,from_date,to_date,update_timestamp
3044,101010002,409,5,85,10101145,3.5300,0.0000,0.0000,0.0000,True,,1873-01-01,,2022-10-21 00:00:00
3045,101010003,4919,5,144,10101237,16.7200,0.0000,0.0000,0.0000,True,,1873-01-01,,2022-10-21 00:00:00
3046,101010004,4920,6,145,10101238,16.7200,0.0000,0.0000,0.0000,True,,1873-01-01,,2022-10-21 00:00:00
3051,101010009,416,ADJ TO R.R.1646 & 1673,75,10101138,124.1200,0.0000,0.0000,0.0000,True,,1873-01-01,,2022-10-21 00:00:00
3061,101010019,453,OLD R R 1860,98,10101203,54872.1400,0.0000,0.0000,0.0000,True,,1873-01-01,,2022-10-21 00:00:00
3067,101010025,459,R R 1022 & 1776(LEASE),4404,10101135,2000.0000,0.0000,0.0000,0.0000,True,,2023-02-01,,2022-10-21 00:00:00
3067,101010025,459,R R 1022 & 1776(LEASE),70,10101135,42645.3600,0.0000,0.0000,0.0000,True,,1873-01-01,2023-01-31,2022-10-21 00:00:00
3068,101010026,460,R R 1249,65,10101132,12541.9100,0.2900,0.0000,3637.1500,True,,2004-04-01,,2022-10-21 00:00:00
3068,101010026,460,R R 1249,64,10101132,12541.9100,0.0000,0.0000,0.0000,True,,1873-01-01,2004-03-31,2022-10-21 00:00:00
3069,101010027,461,R R 1314,67,10101133,1858.0600,0.0500,0.0000,102.1900,True,,2004-04-01,,2022-10-21 00:00:00
3069,101010027,461,R R 1314,66,10101133,1858.0600,0.0000,0.0000,0.0000,True,,1873-01-01,2004-03-31,2022-10-21 00:00:00
3070,101010028,462,R R 1485,4465,10101131,4194.0000,1.0000,0.0000,0.0000,True,,2024-06-01,,2022-10-21 00:00:00
3070,101010028,462,R R 1485,4399,10101131,4857.5200,1.0000,0.0000,0.0000,True,,2022-11-01,2024-05-31,2022-10-21 00:00:00
3070,101010028,462,R R 1485,63,10101131,17237.0000,0.0000,0.0000,0.0000,True,,2002-09-01,2022-10-31,2022-10-21 00:00:00
3070,101010028,462,R R 1485,62,10101131,17489.0000,0.0000,0.0000,0.0000,True,,1873-01-01,2002-08-31,2022-10-21 00:00:00
3071,101010029,463,R R 1486,104,10101208,27809.9500,0.0000,0.0000,0.0000,True,,1873-01-01,,2022-10-21 00:00:00
3074,101010031,465,R R 1646,72,10101136,24265.7100,0.9900,0.0000,24023.0500,True,,2004-04-01,,2022-10-21 00:00:00
3074,101010031,465,R R 1646,71,10101136,24265.7100,0.0000,0.0000,0.0000,True,,1873-01-01,2004-03-31,2022-10-21 00:00:00
3075,101010032,466,R R 1663,105,10101209,14155.7200,0.0000,0.0000,0.0000,True,,1873-01-01,,2022-10-21 00:00:00
3077,101010033,467,R R 1673,74,10101137,3340.7900,1.0300,0.0000,3441.0100,True,,2004-04-01,,2022-10-21 00:00:00
3077,101010033,467,R R 1673,73,10101137,3340.7900,0.0000,0.0000,0.0000,True,,1873-01-01,2004-03-31,2022-10-21 00:00:00
3078,101010034,468,R R 1739,111,10101213,5088.5300,0.0000,0.0000,0.0000,True,,2002-09-01,,2022-10-21 00:00:00
3078,101010034,468,R R 1739,110,10101213,5196.5300,0.0000,0.0000,0.0000,True,,1873-01-01,2002-08-31,2022-10-21 00:00:00
3080,101010035,469,R R 2012,106,10101210,15276.7800,0.0000,0.0000,0.0000,True,,1873-01-01,,2022-10-21 00:00:00
3081,101010036,470,R R 2013,69,10101134,4566.1800,0.0000,0.0000,20.5500,True,,2004-04-01,,2022-10-21 00:00:00
3081,101010036,470,R R 2013,68,10101134,4566.1800,0.0000,0.0000,0.0000,True,,1873-01-01,2004-03-31,2022-10-21 00:00:00
3088,101010041,475,R.R.2026,84,10101144,856.8400,0.0000,0.0000,0.0000,True,,1873-01-01,,2022-10-21 00:00:00
3090,101010043,477,RR 1735,97,10101202,34245.1600,0.1300,0.0000,0.0000,True,,1873-01-01,,2022-10-21 00:00:00
3095,101010048,489,STERILE STRIP OF P.T LAND BETN.OLD RR NOS.1673 & 1646.,170,10101319,761.9000,999999.9900,0.0000,0.0000,True,,2011-01-01,,2022-10-21 00:00:00
7976,101010051,4484,LEASE OF 25,91,10101148,14966.0000,0.0000,0.0000,0.0000,True,,1873-01-01,,2022-10-21 00:00:00
8194,101010057,4700,OLD R.R.1823,88,10101146,38865.5300,0.0000,0.0000,23707.9700,True,,2004-04-01,,2022-10-21 00:00:00
8194,101010057,4700,OLD R.R.1823,87,10101146,38865.5300,0.0000,0.0000,0.0000,True,,2003-11-16,2004-03-31,2022-10-21 00:00:00
8194,101010057,4700,OLD R.R.1823,86,10101146,45205.8500,0.0000,0.0000,0.0000,True,,1873-01-01,2003-11-15,2022-10-21 00:00:00
8195,101010058,4701,OLD RR 2023,96,10101201,5575.4800,0.5000,0.0000,2787.7400,True,,2004-04-01,,2022-10-21 00:00:00
8195,101010058,4701,OLD RR 2023,95,10101201,5575.4800,0.0000,0.0000,0.0000,True,,1873-01-01,2004-03-31,2022-10-21 00:00:00
8187,101030002,4694,P.T.LAND S.NO.83 AT AMBAPADA,178,10103126,23500.0000,0.0000,0.0000,0.0000,True,,1873-01-01,,2022-10-21 00:00:00
3099,101040001,493,LEASE OF P.T.LAND,184,10104103,3609.0900,0.0000,0.0000,0.0000,True,,1873-01-01,,2022-10-21 00:00:00
8396,101040001,6069,LEASE OF P.T.LAND,4486,10104106,11904.3300,0.0000,0.0000,0.0000,True,,2024-06-26,,2026-04-21 00:00:00
8189,101040003,4696,LEASE OF LAND,183,10104102,7150.2300,0.2500,0.0000,1787.5600,True,,2004-04-01,,2022-10-21 00:00:00
8189,101040003,4696,LEASE OF LAND,182,10104102,7150.2300,0.0000,0.0000,0.0000,True,,1873-01-01,2004-03-31,2022-10-21 00:00:00
3101,101050001,4174,1,278,10105116,2457.1000,0.0000,0.0000,0.0000,True,,1873-01-01,,2022-10-21 00:00:00
3102,101050002,495,6,265,10105109,1326.6600,2.7100,0.0000,3595.2500,True,,2004-04-01,,2022-10-21 00:00:00
3102,101050002,495,6,264,10105109,1326.6600,0.0000,0.0000,0.0000,True,,1873-01-01,2004-03-31,2022-10-21 00:00:00
3104,101050004,4175,9,297,10105129,242.4800,0.6300,0.0000,152.7600,True,,2004-11-01,,2022-10-21 00:00:00
3104,101050004,4175,9,296,10105129,242.4800,0.6300,0.0000,143.0600,True,,2004-04-01,2004-10-31,2022-10-21 00:00:00
3104,101050004,4175,9,295,10105129,242.4800,0.0000,0.0000,0.0000,True,,1873-01-01,2004-03-31,2022-10-21 00:00:00
3107,101050007,499,31,332,10105203,1515.8100,0.5800,224.1800,650.1900,True,,2006-06-01,,2022-10-21 00:00:00
3107,101050007,499,31,331,10105203,1515.8100,0.0000,224.1100,650.1900,True,,2005-08-01,2006-05-31,2022-10-21 00:00:00
3107,101050007,499,31,330,10105203,1515.8100,0.0000,181.8100,634.6700,True,,2004-04-01,2005-07-31,2022-10-21 00:00:00
3107,101050007,499,31,329,10105203,1515.8100,0.0000,0.0000,0.0000,True,,1873-01-01,2004-03-31,2022-10-21 00:00:00
3108,101050008,500,36,273,10105113,543.4800,1.1900,0.0000,646.7400,True,,2004-04-01,,2022-10-21 00:00:00
3108,101050008,500,36,272,10105113,543.4800,0.0000,0.0000,0.0000,True,,1873-01-01,2004-03-31,2022-10-21 00:00:00
3119,101050017,4176,OLD RR 1858,336,10105205,1957.7400,0.6300,0.0000,1233.3800,True,,2004-04-01,,2022-10-21 00:00:00
3119,101050017,4176,OLD RR 1858,335,10105205,1957.7400,0.0000,0.0000,0.0000,True,,1873-01-01,2004-03-31,2022-10-21 00:00:00
3128,101050026,517,LEASE OF PLOT,326,10105150,379.6900,1.0000,0.0000,379.6900,True,,2004-04-01,,2022-10-21 00:00:00
3128,101050026,517,LEASE OF PLOT,325,10105150,379.6900,0.0000,0.0000,0.0000,True,,1873-01-01,2004-03-31,2022-10-21 00:00:00
3129,101050027,518,LEASE OF PLOT 7,320,10105147,2400.9200,0.2600,0.0000,624.2400,True,,2004-04-01,,2022-10-21 00:00:00
3129,101050027,518,LEASE OF PLOT 7,319,10105147,2400.9200,0.0000,0.0000,0.0000,True,,1873-01-01,2004-03-31,2022-10-21 00:00:00
3148,101050044,537,RR NO.2040,4401,10105131,976.1400,0.0000,0.0000,0.0000,True,,2023-02-01,,2022-10-21 00:00:00
3148,101050044,537,RR NO.2040,4400,10105131,4734.6700,0.0000,0.0000,0.0000,True,,2022-11-01,2023-01-31,2022-10-21 00:00:00
3148,101050044,537,RR NO.2040,300,10105131,42853.0200,0.0000,0.0000,0.0000,True,,1873-01-01,2022-10-31,2022-10-21 00:00:00
8043,101050047,4550,9,255,10105104,48.7700,0.0000,0.0000,0.0000,True,,1873-01-01,,2022-10-21 00:00:00
8044,101050048,4551,R R 1984,280,10105117,10346.9800,0.6500,0.0000,5380.4300,True,,2004-04-01,,2022-10-21 00:00:00
8044,101050048,4551,R R 1984,279,10105117,10346.9800,0.0000,0.0000,0.0000,True,,1873-01-01,2004-03-31,2022-10-21 00:00:00
8046,101050050,4553,11 WEST OF A & C SITES,293,10105127,167.9700,0.0000,0.0000,0.0000,True,,1873-01-01,,2022-10-21 00:00:00
8047,101050051,4554,10 WEST OF A&C SITES,294,10105128,165.7400,0.0000,0.0000,0.0000,True,,1873-01-01,,2022-10-21 00:00:00
8048,101050052,4555,8,299,10105130,272.3900,0.5100,0.0000,138.9200,True,,2004-04-01,,2022-10-21 00:00:00
8048,101050052,4555,8,298,10105130,272.3900,0.0000,0.0000,0.0000,True,,1873-01-01,2004-03-31,2022-10-21 00:00:00
3198,102010033,4937,"GWND OFFICE AT KALA CHOWKEY, SEWREE",417,10201136,330.1800,1.0000,0.0000,0.0000,True,,2018-12-01,,2022-10-21 00:00:00
3193,102020010,580,137 (PORTION OF RR-2060),556,10202217,35.1200,0.0000,0.0000,11.2400,True,,2004-04-01,,2022-10-21 00:00:00
3193,102020010,580,137 (PORTION OF RR-2060),555,10202217,35.1200,0.3200,0.0000,0.0000,True,,1873-01-01,2004-03-31,2022-10-21 00:00:00
3220,102020036,616,RR 2060 AT ARCHED BUNGLOW,557,10202219,2926.4400,0.0000,0.0000,0.0000,True,,1873-01-01,,2022-10-21 00:00:00
7993,102020039,4500,R R NO 2086,421,10202102,20.8800,1.0000,0.0000,20.8800,True,,2004-04-01,,2022-10-21 00:00:00
7993,102020039,4500,R R NO 2086,420,10202102,20.8800,0.0000,0.0000,0.0000,True,,1873-01-01,2004-03-31,2022-10-21 00:00:00
7994,102020040,4501,28,424,10202104,1060.1200,0.0000,0.0000,0.0000,True,,1873-01-01,,2022-10-21 00:00:00
7996,102020042,4503,135,443,10202114,380.7200,0.2100,0.0000,79.9500,True,,2004-04-01,,2022-10-21 00:00:00
7996,102020042,4503,135,442,10202114,380.7200,0.0000,0.0000,0.0000,True,,1873-01-01,2004-03-31,2022-10-21 00:00:00
8051,102020043,4558,2 B (OLD 31B),545,10202211,63.9500,0.0000,0.0000,0.0000,True,,1873-01-01,,2022-10-21 00:00:00
8052,102020044,4559,36,552,10202215,52.0300,0.0000,0.0000,0.0000,True,,1873-01-01,,2022-10-21 00:00:00
3225,102030003,633,5,570,10203104,11.6100,1.3100,0.0000,15.2100,True,,2004-04-01,,2022-10-21 00:00:00
3225,102030003,633,5,569,10203104,11.6100,0.0000,0.0000,0.0000,True,,1873-01-01,2004-03-31,2022-10-21 00:00:00
3226,102030004,634,6,572,10203105,11.1500,1.0000,0.0000,11.1500,True,,2004-04-01,,2022-10-21 00:00:00
3226,102030004,634,6,571,10203105,11.1500,0.0000,0.0000,0.0000,True,,1873-01-01,2004-03-31,2022-10-21 00:00:00
3230,102030008,638,12,580,10203111,16.4400,1.4700,0.0000,24.1700,True,,2004-04-01,,2022-10-21 00:00:00
3230,102030008,638,12,579,10203111,16.4400,0.0000,0.0000,0.0000,True,,1873-01-01,2004-03-31,2022-10-21 00:00:00
3231,102030009,639,13,605,10203126,18.9700,1.4500,0.0000,27.5100,True,,2004-04-01,,2022-10-21 00:00:00
3231,102030009,639,13,604,10203126,18.9700,0.0000,0.0000,0.0000,True,,1873-01-01,2004-03-31,2022-10-21 00:00:00
3231,102030009,5974,CDAC NNN,4458,,1300.0000,300.0000,700.0000,600.0000,True,,2024-12-26,,2024-12-26 12:04:15.405000
3235,102030013,643,2 AND 3,566,10203102,22.3000,0.0300,0.0000,0.6700,True,,2004-04-01,,2022-10-21 00:00:00
3235,102030013,643,2 AND 3,565,10203102,22.3000,0.0000,0.0000,0.0000,True,,1873-01-01,2004-03-31,2022-10-21 00:00:00
3250,103010003,657,26(NORTH OF GDN.C-19),866,10301540,23.4200,0.4500,0.0000,10.5400,True,,2004-04-01,,2022-10-21 00:00:00
3250,103010003,657,26(NORTH OF GDN.C-19),865,10301540,23.4200,0.0000,0.0000,0.0000,True,,1873-01-01,2004-03-31,2022-10-21 00:00:00
3255,103010008,662,6 (NORTH OG GDN.  NO C-42 ),857,10301535,5.9500,1.0000,0.0000,5.9500,True,,2004-04-01,,2022-10-21 00:00:00
3255,103010008,662,6 (NORTH OG GDN.  NO C-42 ),856,10301535,5.9500,0.0000,0.0000,0.0000,True,,1873-01-01,2004-03-31,2022-10-21 00:00:00
3264,103010017,4186,EAST PORTION OF SHED TW-2,934,10301627,5645.6300,1.0000,0.0000,5645.6300,True,,2004-04-01,,2022-10-21 00:00:00
3264,103010017,4186,EAST PORTION OF SHED TW-2,933,10301627,5645.6300,0.0000,0.0000,0.0000,True,,1873-01-01,2004-03-31,2022-10-21 00:00:00
3288,103010041,769,JETHA F 105,849,10301530,227.4300,1.0900,0.0000,247.9000,True,,2004-04-01,,2022-10-21 00:00:00
3288,103010041,769,JETHA F 105,848,10301530,227.4300,0.0000,0.0000,0.0000,True,,1873-01-01,2004-03-31,2022-10-21 00:00:00
3289,103010042,770,"JETHA F 73,79,80,& 86 TO 104",612,10301102,9529.7600,0.5200,0.0000,4955.4800,True,,2004-04-01,,2022-10-21 00:00:00
3289,103010042,770,"JETHA F 73,79,80,& 86 TO 104",611,10301102,9529.7600,0.0000,0.0000,0.0000,True,,1873-01-01,2004-03-31,2022-10-21 00:00:00
3290,103010043,771,JETHA PLINTHS A F G&B BLOCK,610,10301101,18911.3400,0.6800,0.0000,12859.7100,True,,2004-04-01,,2022-10-21 00:00:00
3290,103010043,771,JETHA PLINTHS A F G&B BLOCK,609,10301101,18911.3400,0.0000,0.0000,0.0000,True,,1873-01-01,2004-03-31,2022-10-21 00:00:00
3291,103010044,772,"LEASE JETHAS G 125,126,128&129",929,10301624,1564.2000,2.2100,0.0000,3456.8800,True,,2004-04-01,,2022-10-21 00:00:00
3291,103010044,772,"LEASE JETHAS G 125,126,128&129",928,10301624,1564.2000,0.0000,0.0000,0.0000,True,,1873-01-01,2004-03-31,2022-10-21 00:00:00
3297,103010048,776,OLD ARP B 10,829,10301514,316.0000,0.0000,0.0000,0.0000,True,,1873-01-01,,2022-10-21 00:00:00
3303,103010054,782,OLD R R NO.1015,792,10301431,32.9800,1.0000,0.0000,32.9800,True,,2004-12-01,,2022-10-21 00:00:00
3303,103010054,782,OLD R R NO.1015,791,10301431,32.9800,0.0000,0.0000,29.6820,True,,2004-04-01,2004-11-30,2022-10-21 00:00:00
3303,103010054,782,OLD R R NO.1015,790,10301431,32.9800,0.0000,0.0000,0.0000,True,,1873-01-01,2004-03-31,2022-10-21 00:00:00
3355,103010106,4359,WEST PORN OF SHED TW-2(HALF PN,931,10301625,6553.0000,1.0000,0.0000,6553.0000,True,,2004-04-01,,2022-10-21 00:00:00
3355,103010106,4359,WEST PORN OF SHED TW-2(HALF PN,930,10301625,6553.0000,0.0000,0.0000,0.0000,True,,1873-01-01,2004-03-31,2022-10-21 00:00:00
8055,103010108,4562,GODOWN NO. E 52,664,10301204,417.2300,0.0000,0.0000,0.0000,True,,1873-01-01,,2022-10-21 00:00:00
8056,103010109,4563,NORTH OF GDN.NO.J-154 PLOT NO3,762,10301405,91.9700,0.0000,0.0000,0.0000,True,,1873-01-01,,2022-10-21 00:00:00
8057,103010110,4564,PART-OF JETHA  B-29,803,10301439,150.5000,0.0000,0.0000,64.7200,True,,2004-04-01,,2022-10-21 00:00:00
8057,103010110,4564,PART-OF JETHA  B-29,802,10301439,150.5000,0.0000,0.0000,0.0000,True,,1873-01-01,2004-03-31,2022-10-21 00:00:00
8058,103010111,4565,OPEN JETHA D-45,809,10301445,227.4300,0.0000,0.0000,0.0000,True,,1873-01-01,,2022-10-21 00:00:00
8059,103010112,4566,OPEN JETHA D-46,810,10301446,227.4300,0.0000,0.0000,0.0000,True,,1873-01-01,,2022-10-21 00:00:00
8060,103010113,4567,OPOE  JETHA D-47,811,10301447,227.4300,0.0000,0.0000,0.0000,True,,1873-01-01,,2022-10-21 00:00:00
8061,103010114,4568,OPEN JETHA D 65,830,10301515,227.4300,0.0000,0.0000,0.0000,True,,1873-01-01,,2022-10-21 00:00:00
8062,103010115,4569,OPEN JETHA K 149,843,10301526,318.5600,0.0000,0.0000,0.0000,True,,1873-01-01,,2022-10-21 00:00:00
8063,103010116,4570,SITE AT JN.OF BDRY.RD.&FRANJI,847,10301529,369.4900,0.0000,0.0000,73.9000,True,,2004-04-01,,2022-10-21 00:00:00
8063,103010116,4570,SITE AT JN.OF BDRY.RD.&FRANJI,846,10301529,369.4900,0.0000,0.0000,0.0000,True,,1873-01-01,2004-03-31,2022-10-21 00:00:00
8064,103010117,4571,2 SOUTH OF GODOWN C 10,852,10301532,18.5800,0.0000,0.0000,0.0000,True,,1873-01-01,,2022-10-21 00:00:00
8065,103010118,4572,31,867,10301541,25.9200,0.0000,0.0000,0.0000,True,,1873-01-01,,2022-10-21 00:00:00
8066,103010119,4573,32,868,10301542,36.4200,0.0000,0.0000,0.0000,True,,1873-01-01,,2022-10-21 00:00:00
8067,103010120,4574,34 ON JETHA K 131,872,10301544,5.9500,0.0000,0.0000,5.8300,True,,2004-04-01,,2022-10-21 00:00:00
8067,103010120,4574,34 ON JETHA K 131,871,10301544,5.9500,0.0000,0.0000,0.0000,True,,1873-01-01,2004-03-31,2022-10-21 00:00:00
8068,103010121,4575,1 SOUTH OF GDN.E-54,875,10301546,131.6400,0.0000,0.0000,0.0000,True,,1873-01-01,,2022-10-21 00:00:00
8069,103010122,4576,WATCHMAN'S CHKY NR.PT SH.TW-2,936,10301628,1.2700,1.0000,0.0000,1.2700,True,,2004-04-01,,2022-10-21 00:00:00
8069,103010122,4576,WATCHMAN'S CHKY NR.PT SH.TW-2,935,10301628,1.2700,0.0000,0.0000,0.0000,True,,1873-01-01,2004-03-31,2022-10-21 00:00:00
8222,103010123,4728,OLD ARP'B'-5,860,10301537,293.0500,0.0000,0.0000,0.0000,True,,1873-01-01,,2022-10-21 00:00:00
8223,103010124,4729,OLD RR 979,908,10301612,427.3500,0.0000,0.0000,0.0000,True,,1873-01-01,,2022-10-21 00:00:00
8224,103010125,4730,OLD ARP PLOT B -6,925,10301622,307.1800,0.0000,0.0000,0.0000,True,,1873-01-01,,2022-10-21 00:00:00
8226,103010127,4732,OLD ARP B-4 IN LIEU OF K-153,943,10301633,329.0900,0.0000,0.0000,0.0000,True,,1873-01-01,,2022-10-21 00:00:00
8227,103010128,4733,OLD ARP B-7 IN LIEU OF JH K152,944,10301634,310.9100,0.0000,0.0000,0.0000,True,,1873-01-01,,2022-10-21 00:00:00
3443,104010082,913,27 AT COAL DEPOT,1206,10401302,166.8500,0.1000,0.0000,16.6900,True,,2004-04-01,,2022-10-21 00:00:00
3443,104010082,913,27 AT COAL DEPOT,1205,10401302,166.8500,0.0000,0.0000,0.0000,True,,1873-01-01,2004-03-31,2022-10-21 00:00:00
3467,104010104,935,3B,1341,10401425,244.8000,0.4600,0.0000,112.6100,True,,2004-04-01,,2022-10-21 00:00:00
3467,104010104,935,3B,1340,10401425,244.8000,0.0000,0.0000,0.0000,True,,1873-01-01,2004-03-31,2022-10-21 00:00:00
3516,104010149,980,D-2  COAL DEPOT,1474,10401544,278.7100,1.0100,0.0000,281.5000,True,,2004-04-01,,2022-10-21 00:00:00
3516,104010149,980,D-2  COAL DEPOT,1473,10401544,278.7100,0.0000,0.0000,0.0000,True,,1873-01-01,2004-03-31,2022-10-21 00:00:00
3552,104010185,1015,NORTH OF F SHED GRAIN DEPOT,1097,10401138,82.3100,0.9500,0.0000,78.1900,True,,2004-04-01,,2022-10-21 00:00:00
3552,104010185,1015,NORTH OF F SHED GRAIN DEPOT,1096,10401138,82.3100,0.0000,0.0000,0.0000,True,,1873-01-01,2004-03-31,2022-10-21 00:00:00
3561,104010194,1023,Q-SOUTH MAZAGAON SEWREE RECLN.,1131,10401207,1264.8000,0.7500,0.0000,948.6000,True,,2004-04-01,,2022-10-21 00:00:00
3561,104010194,1023,Q-SOUTH MAZAGAON SEWREE RECLN.,1130,10401207,1264.8000,0.0000,0.0000,0.0000,True,,2004-01-01,2004-03-31,2022-10-21 00:00:00
3561,104010194,1023,Q-SOUTH MAZAGAON SEWREE RECLN.,1129,10401207,1454.2700,0.0000,0.0000,0.0000,True,,1873-01-01,2003-12-31,2022-10-21 00:00:00
3575,104010208,1037,RR 1678,1150,10401219,2748.5300,0.8000,0.0000,2198.8200,True,,2004-04-01,,2022-10-21 00:00:00
3575,104010208,1037,RR 1678,1149,10401219,2748.5300,0.0000,0.0000,0.0000,True,,1873-01-01,2004-03-31,2022-10-21 00:00:00
3589,104010222,1046,SHED ON R R 1715  M S R,1116,10401150,7332.1900,1.0000,0.0000,5425.8200,True,,2004-04-01,,2022-10-21 00:00:00
3589,104010222,1046,SHED ON R R 1715  M S R,1115,10401150,7332.1900,0.0000,0.0000,0.0000,True,,1873-01-01,2004-03-31,2022-10-21 00:00:00
8398,104010222,6072,E SHED(BAY 53 TO 70),4488,10401151,2659.7600,1.0000,0.0000,,True,,2025-04-17,,2022-10-21 00:00:00
7944,104010234,4460,R R 1465 & 1466,1122,10401203,7646.8500,0.0000,0.0000,6423.3500,True,,2004-04-01,,2022-10-21 00:00:00
7944,104010234,4460,R R 1465 & 1466,1121,10401203,7646.8500,0.0000,0.0000,0.0000,True,,1873-01-01,2004-03-31,2022-10-21 00:00:00
7997,104010235,4504,NORTH OF A SHED GRAIN DEPOT,1058,10401110,117.0600,0.0000,0.0000,0.0000,True,,1873-01-01,,2022-10-21 00:00:00
7998,104010236,4505,RR NO 2048,1059,10401111,355.3500,0.0000,0.0000,0.0000,True,,1873-01-01,,2022-10-21 00:00:00
8070,104010238,4577,SOUTH OF C SHED GRAIN DEPOT,1064,10401114,222.9700,0.0000,0.0000,0.0000,True,,1873-01-01,,2022-10-21 00:00:00
8071,104010239,4578,NORTH OF C SHED,1068,10401118,292.6400,0.0000,0.0000,0.0000,True,,1873-01-01,,2022-10-21 00:00:00
8072,104010240,4579,SOUTH OF D SHED,1073,10401121,13.3800,0.0000,0.0000,0.0000,True,,1873-01-01,,2022-10-21 00:00:00
8073,104010241,4580,SOUTH OF T SHED,1074,10401122,34.2800,0.0000,0.0000,0.0000,True,,1873-01-01,,2022-10-21 00:00:00
8074,104010242,4581,SOUTH OF T SHED,1075,10401123,52.7700,0.0000,0.0000,0.0000,True,,1873-01-01,,2022-10-21 00:00:00
8075,104010243,4582,SOUTH OF T SHED GRAIN DEPOT,1076,10401124,104.0500,0.0000,0.0000,0.0000,True,,1873-01-01,,2022-10-21 00:00:00
8076,104010244,4583,NORTH OF T SHED GRAIN DEPOTMSR,1079,10401126,104.0500,0.0000,0.0000,0.0000,True,,1873-01-01,,2022-10-21 00:00:00
8077,104010245,4584,NORTH OF T SHED M S R,1080,10401127,29.9100,0.0000,0.0000,0.0000,True,,1873-01-01,,2022-10-21 00:00:00
8078,104010246,4585,SOUTH OF F SHED,1091,10401134,209.0300,1.4600,0.0000,305.1800,True,,2004-04-01,,2022-10-21 00:00:00
8078,104010246,4585,SOUTH OF F SHED,1090,10401134,209.0300,0.0000,0.0000,0.0000,True,,1873-01-01,2004-03-31,2022-10-21 00:00:00
8082,104010250,4589,NORTH OF H SHED GRAIN DEPOTMSR,1103,10401143,475.7600,0.0000,0.0000,0.0000,True,,1873-01-01,,2022-10-21 00:00:00
8084,104010252,4591,RR 1931,1136,10401210,271.2800,0.0000,0.0000,0.0000,True,,1873-01-01,,2022-10-21 00:00:00
8085,104010253,4592,8 COAL DEPOT,1178,10401234,379.9700,0.0000,0.0000,0.0000,True,,1873-01-01,,2022-10-21 00:00:00
8086,104010254,4593,13 AT COAL DEPOT,1187,10401239,319.8700,0.0000,0.0000,0.0000,True,,1873-01-01,,2022-10-21 00:00:00
8087,104010255,4594,14 COAL DEPOT,1188,10401240,376.2600,0.0000,0.0000,0.0000,True,,1873-01-01,,2022-10-21 00:00:00
8088,104010256,4595,17 AT COAL DEPOT,1193,10401243,376.2600,0.0000,0.0000,0.0000,True,,1873-01-01,,2022-10-21 00:00:00
8089,104010257,4596,PLOT 18,1194,10401244,263.3800,0.0000,0.0000,0.0000,True,,1873-01-01,,2022-10-21 00:00:00
8090,104010258,4597,23(NORTH HALE OF 35),1201,10401249,376.8100,0.0000,0.0000,0.0000,True,,1873-01-01,,2022-10-21 00:00:00
8091,104010259,4598,25 WEST RD,1202,10401250,153.2900,0.0000,0.0000,0.0000,True,,1873-01-01,,2022-10-21 00:00:00
8093,104010261,4600,27 B COAL DEPOT,1277,10401341,255.2000,0.0000,0.0000,0.0000,True,,1873-01-01,,2022-10-21 00:00:00
8094,104010262,4601,28 C OF COAL DEPOT,1286,10401346,427.2600,0.0000,0.0000,0.0000,True,,1873-01-01,,2022-10-21 00:00:00
8099,104010267,4606,3 A AT COAL DEPOT,1400,10401506,266.6300,0.0000,0.0000,0.0000,True,,1873-01-01,,2022-10-21 00:00:00
8102,104010270,4609,I 2 & COAL DEPOT.,1454,10401534,278.7100,0.0000,0.0000,0.0000,True,,1873-01-01,,2022-10-21 00:00:00
8103,104010271,4610,C-2  COAL DEPOT,1478,10401546,278.7100,0.0000,0.0000,11.1500,True,,2004-04-01,,2022-10-21 00:00:00
8103,104010271,4610,C-2  COAL DEPOT,1477,10401546,278.7100,0.0000,0.0000,0.0000,True,,1873-01-01,2004-03-31,2022-10-21 00:00:00
8105,104010273,4612,A-3,1536,10401627,278.7100,0.0000,0.0000,0.0000,True,,1873-01-01,,2022-10-21 00:00:00
8106,104010274,4613,A-4,1537,10401628,278.7100,0.0000,0.0000,0.0000,True,,1873-01-01,,2022-10-21 00:00:00
8109,104010277,4616,ADDL.LAND OF EAST OF R R 1669,1567,10401644,279.2900,0.0000,0.0000,0.0000,True,,1873-01-01,,2022-10-21 00:00:00
8110,104010278,4617,ADDL.LAND EAST OF 1671,1568,10401645,146.2900,0.0000,0.0000,0.0000,True,,1873-01-01,,2022-10-21 00:00:00
3606,205010002,1058,SITEA&B/STRIPX&Y,1586,20501111,125330.6900,0.2900,0.0000,0.0000,True,,1873-01-01,,2022-10-21 00:00:00
3631,205010005,1068,OLD RR NO 1537,1616,20501140,61406.9600,0.9600,0.0000,0.0000,True,,1873-01-01,,2022-10-21 00:00:00
3632,205010006,1069,OLD RR NO 1655,1617,20501141,17536.2900,0.9000,0.0000,0.0000,True,,1873-01-01,,2022-10-21 00:00:00
3645,205010008,4378,GARAGE NO 2 ATT.TO AFS QUARTER,1637,20501207,35.6700,0.0000,0.0000,0.0000,True,,1873-01-01,,2022-10-21 00:00:00
3646,205010009,4379,R R NO 1881,1639,20501210,1896.7100,1.5800,0.0000,0.0000,True,,1873-01-01,,2022-10-21 00:00:00
3731,205010010,1105,2(SEWREE GADI ADDA),1623,20501145,289.2100,2.3800,306.7000,381.7800,True,,2004-07-01,,2022-10-21 00:00:00
3731,205010010,1105,2(SEWREE GADI ADDA),1622,20501145,289.2100,0.0000,0.0000,688.3200,True,,2004-04-01,2004-06-30,2022-10-21 00:00:00
3731,205010010,1105,2(SEWREE GADI ADDA),1621,20501145,289.2100,0.0000,0.0000,0.0000,True,,1873-01-01,2004-03-31,2022-10-21 00:00:00
7545,205010021,2758,OLD RR NO 1692,1588,20501113,12529.4500,0.6600,0.0000,0.0000,True,,1873-01-01,,2022-10-21 00:00:00
7558,205010034,2771,RR NO 1724,1605,20501130,9485.8700,1.1400,0.0000,0.0000,True,,1873-01-01,,2022-10-21 00:00:00
7559,205010035,2772,RR NO 1647,1606,20501131,15872.2100,0.5000,0.0000,0.0000,True,,1873-01-01,,2022-10-21 00:00:00
7560,205010036,2773,RR NO 1581,1607,20501132,17582.2600,0.7600,0.0000,0.0000,True,,1873-01-01,,2022-10-21 00:00:00
7561,205010037,4982,RR NO 1540(ADDL LAND),1612,20501136,12425.0400,1.0100,0.0000,0.0000,True,,1873-01-01,,2022-10-21 00:00:00
7563,205010039,4984,OLD RR NO 1547,1614,20501138,55.7400,0.2400,0.0000,0.0000,True,,1873-01-01,,2022-10-21 00:00:00
7564,205010040,4985,OLD RR NO 1594,1615,20501139,5800.9600,0.0000,0.0000,0.0000,True,,1873-01-01,,2022-10-21 00:00:00
7565,205010041,2778,ADDL.LAND NORTH OF OLD RR 1655,1618,20501142,1702.2600,0.9000,0.0000,0.0000,True,,1873-01-01,,2022-10-21 00:00:00
7569,205010045,2782,ADDL LAND TO N OF OLD RR 1692,1647,20501218,2173.3800,0.6600,0.0000,0.0000,True,,1873-01-01,,2022-10-21 00:00:00
7571,205010047,2784,RR NO. 1836 & 1743,1652,20501225,6959.8300,0.6500,0.0000,0.0000,True,,1994-04-01,2019-12-27,2022-10-21 00:00:00
8112,205010051,4619,14 AT MANGANESE ORE DEPOT MSR,1576,20501101,1837.9900,0.0000,0.0000,0.0000,True,,1873-01-01,,2022-10-21 00:00:00
8124,205010063,4631,GARRAGE NO 3 ATTACHED AFS QTRS,1634,20501204,35.6700,0.0000,0.0000,0.0000,True,,1873-01-01,,2022-10-21 00:00:00
8125,205010064,4632,26 ADJ.TO GARAGE 3 AT AFS QTRS,1635,20501205,68.2800,0.0000,0.0000,0.0000,True,,1873-01-01,,2022-10-21 00:00:00
8126,205010065,4633,GARRAGE 1 SOUTH OF EX.AFS.QTR.,1636,20501206,35.6700,0.0000,0.0000,0.0000,True,,1873-01-01,,2022-10-21 00:00:00
8128,205010067,4635,27 SEWREE TIMBER POND,1640,20501211,543.4800,0.0000,0.0000,0.0000,True,,1873-01-01,,2022-10-21 00:00:00
8129,205010068,4636,120 NEW PLOT 28,1641,20501212,429.8600,0.0000,0.0000,0.0000,True,,1873-01-01,,2022-10-21 00:00:00
8251,205020001,4757,OLD R R NO 876,1663,20502220,283952.9400,0.0000,0.0000,0.0000,True,,1873-01-01,,2022-10-21 00:00:00
5478,206010021,2684,21,1680,20601117,67.3800,1.0000,0.0000,0.0000,True,,1967-11-01,,2022-10-21 00:00:00
5481,206010024,2687,26,1684,20601121,127.1800,1.4100,0.0000,0.0000,True,,1873-01-01,,2022-10-21 00:00:00
5483,206010026,2689,29,1690,20601127,178.7500,1.1400,0.0000,0.0000,True,,1873-01-01,,2022-10-21 00:00:00
5485,206010028,2691,31,1692,20601129,66.6100,1.1500,0.0000,0.0000,True,,1873-01-01,,2022-10-21 00:00:00
5486,206010029,2692,32,1693,20601130,136.8500,0.7600,0.0000,0.0000,True,,1873-01-01,,2022-10-21 00:00:00
5490,206010033,2696,36,1697,20601134,49.8000,1.2200,0.0000,0.0000,True,,1873-01-01,,2022-10-21 00:00:00
5503,206010046,2709,55,1723,20601209,84.5400,2.0000,0.0000,0.0000,True,,1873-01-01,,2022-10-21 00:00:00
5522,206010061,2727,92,1747,20601234,184.4100,0.9600,0.0000,0.0000,True,,1873-01-01,,2022-10-21 00:00:00
5544,206010082,2748,120,1774,20601311,581.2900,0.9800,0.0000,0.0000,True,,1873-01-01,,2022-10-21 00:00:00
5545,206010083,2749,121,1775,20601312,411.3700,1.6400,0.0000,0.0000,True,,1873-01-01,,2022-10-21 00:00:00
5547,206010085,2751,124,1778,20601315,734.5800,1.1400,0.0000,0.0000,True,,1873-01-01,,2022-10-21 00:00:00
7575,206010089,2788,R R NO 1927,1669,20601106,748.6100,0.8900,0.0000,0.0000,True,,1873-01-01,,2022-10-21 00:00:00
8000,206010124,4507,24,1682,20601119,1331.6700,0.0000,0.0000,0.0000,True,,1873-01-01,,2022-10-21 00:00:00
8005,206010129,4512,100,1755,20601242,247.1200,0.0000,0.0000,0.0000,True,,1873-01-01,,2022-10-21 00:00:00
8006,206010130,4513,RR NO 2005,1780,20601317,327.6700,0.0000,0.0000,0.0000,True,,1873-01-01,,2022-10-21 00:00:00
7947,206020006,4461,60    (OPEN STRIP),1801,20602103,21.9500,0.0000,0.0000,0.0000,True,,1873-01-01,,2022-10-21 00:00:00
5470,207010048,2676,5,1813,20701109,118.3600,0.4200,0.0000,0.0000,True,,1873-01-01,,2022-10-21 00:00:00
5473,207010051,2679,12,1818,20701114,810.7600,1.1300,0.0000,0.0000,True,,1873-01-01,,2022-10-21 00:00:00
7637,207010076,2850,203 & 210,4464,20701129,15.0300,1.6100,0.0000,0.0000,True,,2023-08-02,,2022-10-21 00:00:00
7637,207010076,2850,203 & 210,1837,20701129,213.4900,1.6100,0.0000,0.0000,True,,1873-01-01,2023-08-01,2022-10-21 00:00:00
7648,207010087,2861,220 QUAY STREET,1853,20701143,150.3900,1.9400,0.0000,0.0000,True,,1873-01-01,,2022-10-21 00:00:00
7695,207010134,2908,R R 2004,1962,20701339,5499.3000,0.7300,0.0000,0.0000,True,,1873-01-01,,2022-10-21 00:00:00
7701,207010140,2914,328 SUPPLY OF RR 2004,1971,20701348,90.6700,0.4200,0.0000,0.0000,True,,1873-01-01,,2022-10-21 00:00:00
7711,207010150,2924,334,1982,20701410,66.6100,0.0000,0.0000,0.0000,True,,1873-01-01,,2022-10-21 00:00:00
7711,207010150,6059,"L.F FOR OFFICE SPACE IN MARATHA MANDIR BLDG.
",4478,31209104,180.6200,0.0000,0.0000,0.0000,True,,2004-02-01,,2026-03-12 00:00:00
8007,207010151,4514,R R 1950,1847,20701139,3234.3200,0.0000,0.0000,0.0000,True,,1873-01-01,,2022-10-21 00:00:00
8008,207010152,4515,219 QUAY STREET,1852,20701142,330.9600,0.0000,0.0000,0.0000,True,,1873-01-01,,2022-10-21 00:00:00
8009,207010153,4516,228 QUAY RD,1862,20701150,132.8500,0.0000,0.0000,0.0000,True,,1873-01-01,,2022-10-21 00:00:00
8010,207010154,4517,278,1912,20701249,244.0600,0.0000,0.0000,0.0000,True,,1873-01-01,,2022-10-21 00:00:00
8011,207010155,4518,294 B,1930,20701317,38.6500,0.0000,0.0000,0.0000,True,,1873-01-01,,2022-10-21 00:00:00
3695,208010030,1094,187A/1,2169,20801429,4.8300,0.3800,0.0000,0.0000,True,,1873-01-01,,2022-10-21 00:00:00
4032,208010059,1173,32 AT PANTON BUNDER,2001,20801115,258.5500,0.0000,0.0000,0.0000,True,,1873-01-01,,2022-10-21 00:00:00
5509,208010097,2714,62,2035,20801149,412.3000,0.4100,0.0000,0.0000,True,,1873-01-01,,2022-10-21 00:00:00
7712,208010099,2925,RRNO 2017 AT MAGAZINE STREET,2000,20801114,2789.3200,0.7200,0.0000,0.0000,True,,1873-01-01,,2022-10-21 00:00:00
7776,208010163,2989,118 KASSARA STREET,2093,20801305,55.1800,1.8900,0.0000,0.0000,True,,1873-01-01,,2022-10-21 00:00:00
7779,208010166,2992,121 KASSARA STREET,2096,20801308,113.7100,1.2300,0.0000,0.0000,True,,1873-01-01,,2022-10-21 00:00:00
7804,208010191,3017,148 QUAY STREET,2124,20801336,146.4200,1.6200,0.0000,0.0000,True,,1873-01-01,,2022-10-21 00:00:00
7816,208010203,3029,161,2139,20801349,153.8500,2.0000,0.0000,0.0000,True,,1873-01-01,,2022-10-21 00:00:00
7823,208010210,3036,COMPT 1&2,2187,20801447,102.0100,2.6800,0.0000,0.0000,True,,1873-01-01,,2022-10-21 00:00:00
8015,208010291,4522,46 MAGAZINE STREET,2016,20801130,350.0600,0.0000,0.0000,0.0000,True,,1873-01-01,,2022-10-21 00:00:00
8017,208010293,4524, COMPTT 3,2188,20801448,9.2900,0.0000,0.0000,0.0000,True,,1873-01-01,,2022-10-21 00:00:00
8019,208010295,4526,215,2192,20801501,154.0300,1.0000,0.0000,0.0000,True,,2010-08-10,,2022-10-21 00:00:00
8019,208010295,4526,215,2191,20801501,507.2500,0.1700,0.0000,0.0000,True,,1873-01-01,2010-08-09,2022-10-21 00:00:00
7904,208020001,3117,SHOP 4 BPT CHAWL WADI BUNDER,2297,20802101,20.8100,1.0000,0.0000,0.0000,True,,1873-01-01,,2022-10-21 00:00:00
7905,208020002,3118,SHOP 5 WADI BR BPT CHAWL,2298,20802102,17.8400,0.0000,0.0000,0.0000,True,,1873-01-01,,2022-10-21 00:00:00
7906,208020003,3119,STALL NO 5 BPT CHAWL WADI BUND,2299,20802103,1.4900,1.0000,0.0000,0.0000,True,,1873-01-01,,2022-10-21 00:00:00
7907,208020004,3120,STALL NO.6 BPT WADI BUNDER,2300,20802104,1.4900,1.0000,0.0000,0.0000,True,,1873-01-01,,2022-10-21 00:00:00
7908,208020005,3121,STALL 8 BPT CHAWL WADI BUNDER,2301,20802105,1.4900,1.0000,0.0000,0.0000,True,,1873-01-01,,2022-10-21 00:00:00
7909,208020006,3122,STALL 11 BPT CHAWL WADI BR,2302,20802106,1.4900,1.0000,0.0000,0.0000,True,,1873-01-01,,2022-10-21 00:00:00
7910,208020007,3123,STALL 12 BPT WADI BR CHAWL,2303,20802107,1.4900,1.0000,0.0000,0.0000,True,,1873-01-01,,2022-10-21 00:00:00
7913,208020010,3126,NEW SHOP NO 3,2307,20802111,21.4500,1.5300,0.0000,0.0000,True,,1873-01-01,,2022-10-21 00:00:00
7914,208020011,3127,NEW SHOP NO 4,2308,20802112,21.4500,1.5300,0.0000,0.0000,True,,1873-01-01,,2022-10-21 00:00:00
7915,208020012,3128,SHOP NO 5 WADI BR,2309,20802113,21.4500,1.5400,0.0000,0.0000,True,,1873-01-01,,2022-10-21 00:00:00
7916,208020013,3129,NEW SHOP NO 6 WADI BUNDER,2310,20802114,21.4500,1.5400,0.0000,0.0000,True,,1873-01-01,,2022-10-21 00:00:00
7917,208020014,3130,NEW SHOP NO 2,2311,20802115,21.4500,1.5400,0.0000,0.0000,True,,1873-01-01,,2022-10-21 00:00:00
4230,309010007,1249,121,2486,30901421,71.3500,1.3100,0.0000,0.0000,True,,1873-01-01,,2022-10-21 00:00:00
4234,309010010,1253,159,2492,30901428,11569.6800,0.0000,0.0000,0.0000,True,,1873-01-01,,2022-10-21 00:00:00
4236,309010012,1255,161,2490,30901426,2.0000,1.0000,0.0000,0.0000,True,,1873-01-01,,2022-10-21 00:00:00
4284,309010014,1442,"120 121-A,121-B,122 & 119",2480,30901417,1348.6300,0.0000,0.0000,0.0000,True,,1873-01-01,,2022-10-21 00:00:00
4288,309010015,1443,124 & 125,2465,30901402,34.1400,1.0000,0.0000,0.0000,True,,2007-05-01,,2022-10-21 00:00:00
4288,309010015,1443,124 & 125,2464,30901402,34.1500,0.0000,0.0000,0.0000,True,,1873-01-01,2007-04-30,2022-10-21 00:00:00
4583,309010045,1755,OLD RR 1616,2364,30901149,138.0000,1.0000,0.0000,0.0000,True,,1873-01-01,,2022-10-21 00:00:00
4633,309010056,1800,PLOT NO 59 AT MANSON ROAD,2409,30901247,74.7900,1.0000,0.0000,0.0000,True,,1873-01-01,,2022-10-21 00:00:00
4639,309010060,1804,PLOT NO 78,2420,30901309,53.5100,2.0000,0.0000,0.0000,True,,1873-01-01,,2022-10-21 00:00:00
4661,309010072,1825,PT SHED ON PLOT NO.70,2417,30901306,105.3500,1.0000,0.0000,0.0000,True,,1873-01-01,,2022-10-21 00:00:00
7985,309010095,4492,FML PLOT 42 AT MANSON ROAD,2382,30901219,44.3100,0.0000,0.0000,0.0000,True,,1873-01-01,,2022-10-21 00:00:00
8134,309010099,4641,PLOT NO 48 AT MANSON ROAD,2406,30901244,35.4400,1.3700,0.0000,0.0000,True,,1873-01-01,,2022-10-21 00:00:00
8136,309010101,4643,PLOT NO.60 AT MANSION ROAD,2410,30901248,19.5100,1.0000,0.0000,0.0000,True,,1873-01-01,,2022-10-21 00:00:00
8141,309010106,4648,PLOT NO 118,2451,30901338,139.3500,0.0000,0.0000,0.0000,True,,1873-01-01,,2022-10-21 00:00:00
8152,309010117,4659,62 & 63,2481,30901418,128.5800,0.0000,0.0000,0.0000,True,,1873-01-01,,2022-10-21 00:00:00
8153,309010118,4660,3,2487,30901423,14.8000,0.0000,0.0000,0.0000,True,,1873-01-01,,2022-10-21 00:00:00
8154,309010119,4661,"114,115,116,117coterminous with plt 159&159A",2502,30901468,1200.1200,0.0000,0.0000,0.0000,True,,2006-02-28,,2022-10-21 00:00:00
8218,309010142,4724,OLD R R 1829,2386,30901223,194.2600,0.0000,0.0000,0.0000,True,,1873-01-01,,2022-10-21 00:00:00
8232,309010147,4738,OLD RR 1622,2359,30901144,287.0700,0.0000,0.0000,0.0000,True,,1873-01-01,,2022-10-21 00:00:00
8233,309010148,4739,OLD R R 1866,2360,30901145,143.5400,1.2000,0.0000,0.0000,True,,1873-01-01,,2022-10-21 00:00:00
8234,309010149,4740,OLD RR 1621 MANSON ROAD,2361,30901146,143.5400,0.0000,0.0000,0.0000,True,,1873-01-01,,2022-10-21 00:00:00
4224,310010002,1243,92,2678,31001411,191.4700,1.7400,0.0000,0.0000,True,,1873-01-01,,2022-10-21 00:00:00
4231,310010004,1250,121,2728,31001509,567.7300,3.6500,1444.6500,627.2500,True,,2004-04-01,,2022-10-21 00:00:00
4231,310010004,1250,121,2727,31001509,567.7300,0.0000,0.0000,0.0000,True,,1873-01-01,2004-03-31,2022-10-21 00:00:00
4302,310010026,1457,161 SURAT STREET,2693,31001426,371.6100,1.0400,0.0000,0.0000,True,,1873-01-01,,2022-10-21 00:00:00
7919,310010209,3132,13 SHOLAPUR ST,2545,31001137,468.2400,0.5000,0.0000,0.0000,True,,1873-01-01,,2022-10-21 00:00:00
8155,310010213,4662,4 SOUTH ELPHISTON BRIDGE,2512,31001104,195.1000,0.0000,0.0000,0.0000,True,,1873-01-01,,2022-10-21 00:00:00
8161,310010219,4668,13 POONA ST(NORTH),2546,31001138,58.9900,0.0000,0.0000,0.0000,True,,1873-01-01,,2022-10-21 00:00:00
8162,310010220,4669,13 BET.SHOLAPUR & POONA ST.,2547,31001139,981.0700,0.0000,0.0000,0.0000,True,,1873-01-01,,2022-10-21 00:00:00
8171,310010229,4678,RR 1085 THANA STREET,2558,31001150,387.5400,1.0000,0.0000,0.0000,True,,1873-01-01,,2022-10-21 00:00:00
8172,310010230,4679,62 BARODA ST,2589,31001228,401.9000,0.0000,0.0000,0.0000,True,,1873-01-01,,2022-10-21 00:00:00
8173,310010231,4680,62/3 BARODA ST,2598,31001234,112.2300,0.0000,0.0000,0.0000,True,,1873-01-01,,2022-10-21 00:00:00
8174,310010232,4681,YT 76,2643,31001327,56.9500,0.0000,0.0000,0.0000,True,,1873-01-01,,2022-10-21 00:00:00
8175,310010233,4682,Y T 33,2667,31001350,43.1300,0.0000,0.0000,0.0000,True,,1873-01-01,,2022-10-21 00:00:00
8177,310010235,4684,87/72,2674,31001407,144.6500,0.0000,0.0000,0.0000,True,,1873-01-01,,2022-10-21 00:00:00
8178,310010236,4685,FINAL PLOT NO 80/A,2675,31001408,406.4300,4.3700,0.0000,0.0000,True,,1873-01-01,,2022-10-21 00:00:00
8180,310010238,4687,PORTION OF PLOT 162,2744,31001525,481.6100,0.0000,0.0000,0.0000,True,,1873-01-01,,2022-10-21 00:00:00
8181,310010239,4688,POPRTION OF PLOT 162,2745,31001526,105.3500,0.0000,0.0000,0.0000,True,,1873-01-01,,2022-10-21 00:00:00
8183,310010241,4690,164,2751,31001532,435.9900,0.0000,0.0000,0.0000,True,,1873-01-01,,2022-10-21 00:00:00
8184,310010242,4691,170-A,2759,31001549,16.2000,1.6200,0.0000,0.0000,True,,2014-09-06,,2022-10-21 00:00:00
8184,310010242,4691,170-A,2758,31001549,39.0200,1.6200,0.0000,0.0000,True,,1873-01-01,2014-09-05,2022-10-21 00:00:00
8247,310010243,4753,OIDRR1589,2580,31001221,310.3700,1.4400,0.0000,0.0000,True,,2015-10-06,,2022-10-21 00:00:00
8247,310010243,4753,OIDRR1589,2579,31001221,484.9500,1.4400,0.0000,0.0000,True,,1873-01-01,2015-10-05,2022-10-21 00:00:00
8248,310010244,4754,OLD RR NO 1143,2669,31001402,297.0100,0.0000,0.0000,0.0000,True,,1873-01-01,,2022-10-21 00:00:00
7986,311010065,4493,13/PART OF GARDEN PLOT C,2999,31101136,156.6300,0.0000,0.0000,0.0000,True,,1873-01-01,,2022-10-21 00:00:00
7987,311010066,4494,12 PART OF GARDEN PLOT C,3000,31101137,210.4600,0.0000,0.0000,0.0000,True,,1873-01-01,,2022-10-21 00:00:00
7989,311010068,4496,BEHIND STRAND HOUSE,3042,31101238,37.4000,0.0000,0.0000,0.0000,True,,1873-01-01,,2022-10-21 00:00:00
4539,311020026,1710,OLD R R NO 2082,3120,31102139,401.5300,3.4500,0.0000,1385.3300,True,,2004-04-01,,2022-10-21 00:00:00
4539,311020026,1710,OLD R R NO 2082,3119,31102139,401.5300,0.0000,0.0000,0.0000,True,,1873-01-01,2004-03-31,2022-10-21 00:00:00
7991,311020118,4498,R R 1925,3190,31102227,251.1200,0.9400,0.0000,235.2000,True,,2004-04-01,,2022-10-21 00:00:00
7991,311020118,4498,R R 1925,3189,31102227,251.1200,0.0000,0.0000,0.0000,True,,1873-01-01,2004-03-31,2022-10-21 00:00:00
7992,311020119,4499,BPORTION OF OLD R.R.1768,3215,31102239,1131.5600,1.9100,13.9400,2117.3300,True,,2004-04-01,,2022-10-21 00:00:00
7992,311020119,4499,BPORTION OF OLD R.R.1768,3214,31102239,1131.5600,0.0000,0.0000,0.0000,True,,1873-01-01,2004-03-31,2022-10-21 00:00:00
4213,312020004,1233,26,3333,31202144,77.7600,1.0000,0.0000,0.0000,True,,1873-01-01,,2022-10-21 00:00:00
4215,312020006,1235,36,3359,31202220,13.3800,2.0000,0.0000,0.0000,True,,1873-01-01,,2022-10-21 00:00:00
4332,312020017,1482,26B,3335,31202146,9.3800,1.0000,0.0000,0.0000,True,,1873-01-01,,2022-10-21 00:00:00
4358,312020030,1504,36 C/C,3348,31202209,2.2300,1.0000,0.0000,0.0000,True,,1873-01-01,,2022-10-21 00:00:00
4458,312020037,1600,GDN NO 158,3329,31202140,1184.4200,2.6900,0.0000,0.0000,True,,2010-04-01,,2022-10-21 00:00:00
4458,312020037,1600,GDN NO 158,3328,31202140,1184.5100,2.6900,0.0000,0.0000,True,,1873-01-01,2010-03-31,2022-10-21 00:00:00
4463,312020040,4412,GODOWN NO 162,3327,31202139,212.1900,0.0000,0.0000,0.0000,True,,1873-01-01,,2022-10-21 00:00:00
4586,312020048,1758,OLD RR 1773,3316,31202128,2719.9200,1.9100,0.0000,0.0000,True,,1873-01-01,,2022-10-21 00:00:00
4613,312020052,1783,EAST GROUND FLOOR ROOM P T 161,3336,31202147,16.5400,2.0000,0.0000,0.0000,True,,1873-01-01,,2022-10-21 00:00:00
4883,312020064,2045,RR NO.1455,3366,31202226,972.8800,3.7900,837.0700,2853.3100,True,,2004-04-01,,2022-10-21 00:00:00
4883,312020064,2045,RR NO.1455,3365,31202226,972.8800,0.0000,0.0000,0.0000,True,,1873-01-01,2004-03-31,2022-10-21 00:00:00
7955,312020076,4466,LAND ADJ TO GO DOWN NO 169,3318,31202130,22.9500,0.0000,0.0000,0.0000,True,,1873-01-01,,2022-10-21 00:00:00
7957,312020078,4468,15 ML 46,3339,31202150,757.0600,1.5300,0.0000,0.0000,True,,1873-01-01,,2022-10-21 00:00:00
7958,312020079,4469,36 D 2,3344,31202205,21.0000,0.0000,0.0000,0.0000,True,,1873-01-01,,2022-10-21 00:00:00
7959,312020080,4470,36 D 3,3345,31202206,26.8500,0.0000,0.0000,0.0000,True,,1873-01-01,,2022-10-21 00:00:00
7961,312020082,4472,36 C/E,3350,31202211,2.2300,0.0000,0.0000,0.0000,True,,1873-01-01,,2022-10-21 00:00:00
7964,312020085,4475,36 B/A,3353,31202214,3.3400,0.0000,0.0000,0.0000,True,,1873-01-01,,2022-10-21 00:00:00
7966,312020087,4477,45,3369,31202229,36.0500,0.0000,0.0000,0.0000,True,,1873-01-01,,2022-10-21 00:00:00
8193,312020089,4699,OLD R.R.NO.1861,3286,31202102,267.3800,0.0000,0.0000,0.0000,True,,1873-01-01,,2022-10-21 00:00:00
7968,312030004,3162,66,3406,31203326,46.7100,1.0000,0.0000,0.0000,True,,1873-01-01,,2022-10-21 00:00:00
7969,312030005,4479,65,3407,31203327,490.5300,0.0000,0.0000,0.0000,True,,1873-01-01,,2022-10-21 00:00:00
4687,312050025,4425,R R 647,3413,31205102,428.6600,0.5000,,,True,,1873-01-01,2019-08-29,2022-10-21 00:00:00
5434,413040217,2593,PART OF 10/8,3757,41304404,51.1000,1.8700,0.0000,0.0000,True,,1873-01-01,,2022-10-21 00:00:00
5434,413040217,2594,PART OF 10/8,3758,41304405,102.1900,2.0000,0.0000,0.0000,True,,1873-01-01,,2022-10-21 00:00:00
5434,413040217,2595,PART OF 10/8,3759,41304406,153.2900,1.5400,0.0000,0.0000,True,,1873-01-01,,2022-10-21 00:00:00
5434,413040217,2596,PART OF 10/8,3760,41304407,40.8800,1.4400,0.0000,0.0000,True,,1873-01-01,,2022-10-21 00:00:00
8024,413040221,4531,35B/1,3633,41304130,16.7200,0.0000,0.0000,0.0000,True,,1873-01-01,,2022-10-21 00:00:00
5180,413050061,2324,261/15,3874,41305137,204.4800,1.3300,0.0000,0.0000,True,,1873-01-01,,2022-10-21 00:00:00
5185,413050065,2328,266/15,3876,41305139,113.7100,2.3100,0.0000,0.0000,True,,1873-01-01,,2022-10-21 00:00:00
8032,413050112,4539,228/6,3850,41305113,1170.5800,0.0000,0.0000,0.0000,True,,1873-01-01,,2022-10-21 00:00:00
8033,413050113,4540,239/1A,3858,41305121,745.5500,0.0000,0.0000,0.0000,True,,1873-01-01,,2022-10-21 00:00:00
8034,413050114,4541,310/19,3918,41305230,1336.1300,0.6100,0.0000,0.0000,True,,2013-07-01,,2022-10-21 00:00:00
8034,413050114,4541,310/19,3917,41305230,1379.6100,0.6300,0.0000,0.0000,True,,1873-01-01,2013-06-30,2022-10-21 00:00:00
8035,413050115,4542,235B/7,3929,41305241,651.8100,0.0300,0.0000,0.0000,True,,1873-01-01,,2022-10-21 00:00:00
4940,413060008,2098,318,4017,41306213,722.1400,0.5700,0.0000,0.0000,True,,1873-01-01,,2022-10-21 00:00:00
5250,413060034,2392,319/A,4025,41306221,482.3200,0.1200,0.0000,0.0000,True,,1873-01-01,,2022-10-21 00:00:00
5342,413060053,2480,M/s B.Pinto,3981,41306129,120.4000,0.3500,0.0000,0.0000,True,,1873-01-01,,2022-10-21 00:00:00
8036,413060069,4543,21/A,3965,41306112,62.7100,1.0000,0.0000,0.0000,True,,1873-01-01,,2022-10-21 00:00:00
8037,413060070,4544,22/A,3966,41306113,114.4600,1.0000,0.0000,0.0000,True,,1873-01-01,,2022-10-21 00:00:00
8038,413060071,4545,103/F,3997,41306145,69.6800,0.0000,0.0000,0.0000,True,,1873-01-01,,2022-10-21 00:00:00
8039,413060072,4546,104/F,4000,41306147,13.3800,1.0000,0.0000,0.0000,True,,2007-02-15,,2022-10-21 00:00:00
8039,413060072,4546,104/F,3999,41306147,139.3500,0.0000,0.0000,0.0000,True,,1873-01-01,2007-02-14,2022-10-21 00:00:00
8041,413060074,4548,91/E,4011,41306207,66.8900,0.0000,0.0000,0.0000,True,,1873-01-01,,2022-10-21 00:00:00
8042,413060075,4549,324A/B,4028,41306224,1807.6400,0.0000,0.0000,0.0000,True,,1873-01-01,,2022-10-21 00:00:00
4992,413080004,4431,12/D,4040,41308110,139.0800,0.0000,0.0000,0.0000,True,,1873-01-01,,2022-10-21 00:00:00
5317,413080048,2457,55/A,4083,41308204,193.3300,1.0000,0.0000,0.0000,True,,1873-01-01,,2022-10-21 00:00:00
4927,414040004,2085,13,4116,41404102,54.6300,2.0000,0.0000,0.0000,True,,1873-01-01,,2022-10-21 00:00:00
7974,414040014,4482,12,4115,41404101,52.6800,0.0000,0.0000,0.0000,True,,1873-01-01,,2022-10-21 00:00:00
4916,414130002,2074,3,4257,41413103,796.8300,0.4300,0.0000,0.0000,True,,1873-01-01,,2022-10-21 00:00:00
4918,414130004,2076,5,4256,41413102,449.9300,0.0800,0.0000,0.0000,True,,1873-01-01,,2022-10-21 00:00:00
4919,414130005,2077,6,4279,41413125,235.2300,0.0200,0.0000,0.0000,True,,1873-01-01,,2022-10-21 00:00:00
4933,414130015,2091,29,4266,41413112,35.1200,1.0000,0.0000,0.0000,True,,1873-01-01,,2022-10-21 00:00:00
5427,414140001,4457,LAND AT BI,4286,41414102,1207.0000,0.0000,0.0000,0.0000,True,,1873-01-01,,2022-10-21 00:00:00
