source_plot_id,plot_code,let_out_id,let_out_name,letout_status,tenancy_mapping_id,tenancy_id,unit_id,company_name,is_active,is_alloted,current_rent,current_rent_commercial,home_rate,non_home_rate,g_secrate,long_lease_years,agreement_start_date,agreement_end_date,lac_approval_date,chairman_approval_date,board_approval_date,tamps_approval_date,commencement_date,termination_date,is_upfront_premimum,upfront_premimum_amount,is_service_charge_applicable,percent_rate_revision,amount_rate_revision,update_timestamp
3044,101010002,409,5,A,318,10101145,1,,True,True,,,,,,,,,,,,,,,False,,True,,,2024-03-01 17:34:50.931000
3044,101010002,409,5,A,4625,20501130,5,,False,False,,,,,,,,,,,,,,,False,,True,4.00,,2022-11-17 15:40:44.083000
3045,101010003,410,5,A,319,10101237,1,,True,True,,,,,,,,,,,,,,,False,,False,,,2023-12-01 15:28:46.880000
3045,101010003,410,5,A,4626,20501130,5,,False,False,,,,,,,,,,,,,,,False,,True,4.00,,2022-11-17 15:40:44.083000
3045,101010003,4919,5,A,198,10101237,1,,True,True,,,,,,,,,,,,,,,False,,False,,,2023-12-01 15:28:46.880000
3046,101010004,411,6,A,320,10101238,1,,True,True,,,,,,,,,,,,,,,False,,False,,,2023-12-01 15:28:46.880000
3046,101010004,411,6,A,4627,20501130,5,,False,False,,,,,,,,,,,,,,,False,,True,4.00,,2022-11-17 15:40:44.083000
3046,101010004,4920,6,A,199,10101238,1,,True,True,,,,,,,,,,,,,,,False,,False,,,2023-12-01 15:28:46.880000
3051,101010009,416,ADJ TO R.R.1646 & 1673,A,3409,10101138,1,,True,True,,,,,,,,,,,,,,,False,,True,4.00,,2025-10-01 10:01:21.617000
3051,101010009,416,ADJ TO R.R.1646 & 1673,A,4631,20501132,5,,False,False,,,,,,,,,,,,,,,False,,True,4.00,,2022-11-17 15:40:44.083000
3061,101010019,453,OLD R R 1860,A,2901,10101203,1,,True,True,,,,,,,,,,,,,,,False,,True,,,2024-03-01 17:34:50.931000
3061,101010019,453,OLD R R 1860,A,4221,20501210,5,,False,False,,,,,,,,,,,,,,,False,,True,4.00,,2022-11-17 15:40:44.083000
3061,101010019,4168,OLD R.R. 1860,A,239,10101311,1,,False,True,,,,,,,,,,,,,,,False,,False,,,2022-11-14 11:47:41.757000
3061,101010019,4169,OLD R.R.1860,A,240,10101312,1,,False,True,,,,,,,,,,,,,,,False,,False,,,2022-11-14 11:47:41.757000
3061,101010019,4170,OLD R.R.1860,A,1117,10101313,1,,False,True,,,,,,,,,,,,,,,False,,False,,,2022-11-14 11:47:41.757000
3061,101010019,4171,OLD R.R.1860,A,341,10101314,1,,False,True,,,,,,,,,,,,,,,False,,False,,,2022-11-14 11:47:41.757000
3061,101010019,4172,OLD R.R.1860,A,342,10101315,1,,False,True,,,,,,,,,,,,,,,False,,False,,,2022-11-14 11:47:41.757000
3061,101010019,4173,OLD R.R.1860,A,343,10101316,1,,False,True,,,,,,,,,,,,,,,False,,False,,,2022-11-14 11:47:41.757000
3067,101010025,459,R R 1022 & 1776(LEASE),A,2907,10101135,1,,True,True,,,,,,,,,,,,,,,False,,True,4.00,,2025-10-01 10:01:21.617000
3067,101010025,459,R R 1022 & 1776(LEASE),A,4279,20501221,5,,True,True,,,,,,,,,,,,,,,False,,True,,,2025-10-01 14:29:55.491000
3068,101010026,460,R R 1249,A,2908,10101132,1,,False,True,,,,,,,,,,,,,,,False,,True,4.00,,2022-11-14 11:47:41.757000
3068,101010026,460,R R 1249,A,4275,20601119,6,,False,False,,,,,,,,,,,,,,,False,,True,,,2022-11-17 15:40:44.083000
3069,101010027,461,R R 1314,A,2909,10101133,1,,False,True,,,,,,,,,,,,,,,False,,True,4.00,,2022-11-14 11:47:41.757000
3069,101010027,461,R R 1314,A,4673,20601202,6,,True,True,,,,,,,,,,,,,,,False,,True,,,2024-03-01 17:34:59.053000
3070,101010028,462,R R 1485,A,2910,10101131,1,,True,True,,,,,,,,,,,,,,,False,,True,,,2024-03-01 17:34:50.931000
3070,101010028,462,R R 1485,A,4674,20601205,6,,True,True,,,,,,,,,,,,,,,False,,True,,,2024-03-01 17:34:59.053000
3071,101010029,463,R R 1486,A,2911,10101208,1,,True,True,,,,,,,,,,,,,,,False,,True,4.00,,2025-10-01 10:01:21.617000
3071,101010029,463,R R 1486,A,4675,20601216,6,,True,True,,,,,,,,,,,,,,,False,,True,,,2024-03-01 17:34:59.053000
3074,101010031,465,R R 1646,A,2913,10101136,1,,True,True,,,,,,,,,,,,,,,False,,True,4.00,,2025-10-01 10:01:21.617000
3074,101010031,465,R R 1646,A,4677,20601226,6,,True,True,,,,,,,,,,,,,,,False,,True,,,2024-03-01 17:34:59.053000
3075,101010032,466,R R 1663,A,2914,10101209,1,,True,True,,,,,,,,,,,,,,,False,,True,,,2025-10-01 10:01:21.617000
3075,101010032,466,R R 1663,A,4678,20601226,6,,True,True,,,,,,,,,,,,,,,False,,True,,,2024-03-01 17:34:59.053000
3077,101010033,467,R R 1673,A,2915,10101137,1,,True,True,,,,,,,,,,,,,,,False,,True,4.00,,2025-10-01 10:01:21.617000
3077,101010033,467,R R 1673,A,4676,20601226,6,,True,True,,,,,,,,,,,,,,,False,,True,,,2023-12-05 11:09:28.012000
3078,101010034,468,R R 1739,A,2916,10101213,1,,False,True,,,,,,,,,,,,,,,False,,True,4.00,,2023-09-21 10:18:51.182000
3078,101010034,468,R R 1739,A,4679,20601235,6,,True,True,,,,,,,,,,,,,,,False,,True,,,2024-03-01 17:34:59.053000
3080,101010035,469,R R 2012,A,2917,10101210,1,,True,True,,,,,,,,,,,,,,,False,,True,4.00,,2025-10-01 10:01:21.617000
3080,101010035,469,R R 2012,A,4681,20601249,6,,True,True,,,,,,,,,,,,,,,False,,True,,,2023-12-05 11:09:28.012000
3081,101010036,470,R R 2013,A,2918,10101134,1,,False,True,,,,,,,,,,,,,,,False,,True,4.00,,2022-11-14 11:47:41.757000
3081,101010036,470,R R 2013,A,4680,20601249,6,,True,True,,,,,,,,,,,,,,,False,,True,,,2023-12-05 11:09:28.012000
3088,101010041,475,R.R.2026,A,324,10101144,1,,True,True,,,,,,,,,,,,,,,False,,True,,,2024-03-01 17:34:50.931000
3088,101010041,475,R.R.2026,A,4687,20601303,6,,True,True,,,,,,,,,,,,,,,False,,True,,,2024-03-01 17:34:59.053000
3090,101010043,477,RR 1735,A,326,10101202,1,,True,True,,,,,,,,,,,,,,,False,,True,4.00,,2025-10-01 10:01:21.617000
3090,101010043,477,RR 1735,A,4686,20601303,6,,True,True,,,,,,,,,,,,,,,False,,True,,,2024-03-01 17:34:59.053000
3095,101010048,489,STERILE STRIP OF P.T LAND BETN.OLD RR NOS.1673 & 1646.,A,338,10101319,1,,True,True,,,,,,,,,,,,,,,False,,True,4.00,,2025-10-01 10:01:21.617000
3095,101010048,489,STERILE STRIP OF P.T LAND BETN.OLD RR NOS.1673 & 1646.,A,4700,20602105,6,,True,True,,,,,,,,,,,,,,,False,,True,,,2024-03-01 17:34:59.053000
7976,101010051,4484,LEASE OF 25,A,3333,10101148,1,,False,True,,,,,,,,,,,,,,,False,,True,4.00,,2022-11-14 11:47:41.757000
8194,101010057,4700,OLD R.R.1823,A,132,10101146,1,,False,True,,,,,,,,,,,,,,,False,,True,4.00,,2022-11-14 11:47:41.757000
8195,101010058,4701,OLD RR 2023,A,133,10101201,1,,False,True,,,,,,,,,,,,,,,False,,True,4.00,,2022-11-14 11:47:41.757000
8187,101030002,4694,P.T.LAND S.NO.83 AT AMBAPADA,SIP,126,10103126,1,,False,True,,,,,,,,,,,,,,,False,,False,,,2022-11-14 11:47:41.757000
3099,101040001,493,LEASE OF P.T.LAND,A,358,10104103,1,,True,True,,,,,,,,,,,,,,,False,,True,,,2024-03-01 17:34:50.931000
3099,101040001,493,LEASE OF P.T.LAND,A,4704,20701103,7,,True,True,,,,,,,,,,,,,,,False,,True,,,2024-03-01 17:36:40.195000
8396,101040001,6069,LEASE OF P.T.LAND,A,5671,10104106,1,,True,True,,,,,,,,,,,,,,,False,,True,4.00,,2026-05-07 10:01:21.617000
8189,101040003,4696,LEASE OF LAND,A,128,10104102,1,,False,True,,,,,,,,,,,,,,,False,,True,4.00,,2022-11-14 11:47:41.757000
8189,101040003,5501,asmita land,A,12,12345678,1,,True,False,,,,,,,,,,,,,,,False,,False,,,2023-10-02 17:02:32.042000
3101,101050001,4174,1,A,241,10105116,1,,False,True,,,,,,,,,,,,,,,False,,True,,,2022-11-14 11:47:41.757000
3102,101050002,495,6,A,360,10105109,1,,True,True,,,,,,,,,,,,,,,False,,True,4.00,,2025-10-01 10:01:21.617000
3102,101050002,495,6,A,4705,20701104,7,,True,True,,,,,,,,,,,,,,,False,,True,,,2024-03-01 17:36:40.195000
3104,101050004,4175,9,A,344,10105129,1,,False,True,,,,,,,,,,,,,,,False,,True,4.00,,2022-11-14 11:47:41.757000
3107,101050007,499,31,A,242,10105203,1,,True,True,,,,,,,,,,,,,,,False,,True,4.00,,2025-10-01 10:01:21.617000
3107,101050007,499,31,A,4711,20701110,7,,True,True,,,,,,,,,,,,,,,False,,True,,,2024-03-01 17:36:40.195000
3108,101050008,500,36,A,364,10105113,1,,True,True,,,,,,,,,,,,,,,False,,True,4.00,,2025-10-01 10:01:21.617000
3108,101050008,500,36,A,4709,20701110,7,,True,True,,,,,,,,,,,,,,,False,,True,,,2023-12-05 11:12:16.822000
3108,101050008,5001,36,A,3416,10105113,1,,True,True,,,,,,,,,,,,,,,False,11.00,True,4.00,,2025-10-01 10:01:21.617000
3119,101050017,4176,OLD RR 1858,A,345,10105205,1,,False,True,,,,,,,,,,,,,,,False,,True,4.00,,2022-11-14 11:47:41.757000
3128,101050026,517,LEASE OF PLOT,A,381,10105150,1,,True,True,,,,,,,,,,,,,,,False,,True,4.00,,2025-10-01 10:01:21.617000
3128,101050026,517,LEASE OF PLOT,A,4729,20701121,7,,True,True,,,,,,,,,,,,,,,False,,True,,,2024-03-01 17:36:40.195000
3129,101050027,518,LEASE OF PLOT 7,A,382,10105147,1,,False,True,,,,,,,,,,,,,,,False,,True,4.00,,2022-11-14 11:47:41.757000
3129,101050027,518,LEASE OF PLOT 7,A,4731,20701121,7,,True,True,,,,,,,,,,,,,,,False,,True,,,2024-03-01 17:36:40.195000
3148,101050044,537,RR NO.2040,A,400,10105131,1,,True,True,,,,,,,,,,,,,,,False,,True,4.00,,2024-03-01 17:34:50.931000
3148,101050044,537,RR NO.2040,A,4744,20701126,7,,True,True,,,,,,,,,,,,,,,False,,True,,,2024-03-01 17:36:40.195000
8043,101050047,4550,9,A,3370,10105104,1,,False,True,,,,,,,,,,,,,,,False,,True,,,2022-11-14 11:47:41.757000
8044,101050048,4551,R R 1984,A,3371,10105117,1,,False,True,,,,,,,,,,,,,,,False,,True,4.00,,2022-11-14 11:47:41.757000
8046,101050050,4553,11 WEST OF A & C SITES,A,3373,10105127,1,,False,True,,,,,,,,,,,,,,,False,,True,,,2022-11-14 11:47:41.757000
8047,101050051,4554,10 WEST OF A&C SITES,A,3374,10105128,1,,False,True,,,,,,,,,,,,,,,False,,True,,,2022-11-14 11:47:41.757000
8048,101050052,4555,8,A,3375,10105130,1,,False,True,,,,,,,,,,,,,,,False,,True,4.00,,2022-11-14 11:47:41.757000
3198,102010033,585,"GWND OFFICE AT KALA CHOWKEY, SEWREE",A,457,10201136,2,,False,False,,,,,,,,,,,,,,,False,,True,4.00,,2022-11-15 17:04:38.791000
3198,102010033,585,"GWND OFFICE AT KALA CHOWKEY, SEWREE",A,4789,20701208,7,,True,True,,,,,,,,,,,,,,,False,,True,,,2024-03-01 17:36:40.195000
3198,102010033,4937,"GWND OFFICE AT KALA CHOWKEY, SEWREE",A,216,10201136,2,,False,False,,,,,,,,,,,,,,,False,,True,4.00,,2022-11-15 17:04:38.791000
3193,102020010,580,137 (PORTION OF RR-2060),A,452,10202217,2,,True,True,,,,,,,,,,,,,,,False,,False,4.00,,2025-10-01 10:04:00.476000
3193,102020010,580,137 (PORTION OF RR-2060),A,4785,20701204,7,,True,True,,,,,,,,,,,,,,,False,,True,,,2023-12-05 11:12:16.822000
3220,102020036,616,RR 2060 AT ARCHED BUNGLOW,A,493,10202219,2,,False,False,,,,,,,,,,,,,,,False,,False,,,2022-11-15 17:04:38.791000
3220,102020036,616,RR 2060 AT ARCHED BUNGLOW,A,4817,20701327,7,,True,True,,,,,,,,,,,,,,,False,,True,,,2024-03-01 17:36:40.195000
7993,102020039,4500,R R NO 2086,A,3349,10202102,2,,False,False,,,,,,,,,,,,,,,False,,False,4.00,,2022-11-15 17:04:38.791000
7994,102020040,4501,28,A,3350,10202104,2,,False,False,,,,,,,,,,,,,,,False,,False,4.00,,2022-11-15 17:04:38.791000
7996,102020042,4503,135,A,3352,10202114,2,,False,False,,,,,,,,,,,,,,,False,,False,4.00,,2022-11-15 17:04:38.791000
8051,102020043,4558,2 B (OLD 31B),A,3378,10202211,2,,False,False,,,,,,,,,,,,,,,False,,False,,,2022-11-15 17:04:38.791000
8052,102020044,4559,36,A,3379,10202215,2,,False,False,,,,,,,,,,,,,,,False,,False,4.00,,2022-11-15 17:04:38.791000
3225,102030003,633,5,A,512,10203104,2,,True,True,,,,,,,,,,,,,,,False,,False,4.00,,2025-10-01 10:04:00.476000
3225,102030003,633,5,A,4838,20701335,7,,True,True,,,,,,,,,,,,,,,False,,True,,,2024-03-01 17:36:40.195000
3226,102030004,634,6,A,513,10203105,2,,True,True,,,,,,,,,,,,,,,False,,False,4.00,,2025-10-01 10:04:00.476000
3226,102030004,634,6,A,4839,20701335,7,,True,True,,,,,,,,,,,,,,,False,,True,,,2024-03-01 17:36:40.195000
3230,102030008,638,12,A,517,10203111,2,,True,True,,,,,,,,,,,,,,,False,,False,4.00,,2025-10-01 10:04:00.476000
3230,102030008,638,12,A,4840,20701336,7,,True,True,,,,,,,,,,,,,,,False,,True,,,2023-12-05 11:12:16.822000
3231,102030009,639,13,A,518,10203126,2,,True,True,,,,,,,,,,,,,,,False,,False,4.00,,2025-10-01 10:04:00.476000
3231,102030009,639,13,A,4842,20701336,7,,True,True,,,,,,,,,,,,,,,False,,True,,,2023-12-05 11:12:16.822000
3235,102030013,643,2 AND 3,A,522,10203102,2,,True,True,,,,,,,,,,,,,,,False,,False,4.00,,2025-10-01 10:04:00.476000
3235,102030013,643,2 AND 3,A,4847,20701337,7,,True,True,,,,,,,,,,,,,,,False,,True,,,2023-12-05 11:12:16.822000
3235,102030013,5015,2 AND 3,A,3429,10203102,2,,True,True,,,,,,,,,,,,,,,False,25.00,False,,,2024-03-01 17:34:52.905000
3250,103010003,657,26(NORTH OF GDN.C-19),A,536,10301540,3,,True,True,,,,,,,,,,,,,,,False,,True,4.00,,2025-10-01 10:06:10.747000
3250,103010003,657,26(NORTH OF GDN.C-19),A,5137,20701341,7,,True,True,,,,,,,,,,,,,,,False,,True,,,2024-03-01 17:36:40.195000
3255,103010008,662,6 (NORTH OG GDN.  NO C-42 ),A,541,10301535,3,,True,True,,,,,,,,,,,,,,,False,,True,4.00,,2025-10-01 10:06:10.747000
3255,103010008,662,6 (NORTH OG GDN.  NO C-42 ),A,4281,20701344,7,,True,True,,,,,,,,,,,,,,,False,,True,,,2024-03-01 17:36:40.195000
3264,103010017,4186,EAST PORTION OF SHED TW-2,A,355,10301627,3,,False,False,,,,,,,,,,,,,,,False,,True,4.00,,2022-09-20 17:36:21.777000
3288,103010041,769,JETHA F 105,A,620,10301530,3,,True,True,,,,,,,,,,,,,,,False,,True,4.00,,2025-10-01 10:06:10.747000
3288,103010041,769,JETHA F 105,A,4968,20801511,8,,True,True,,,,,,,,,,,,,,,False,,True,,,2024-03-01 17:39:08.951000
3288,103010041,5018,JETHA F 105,A,3432,10301530,3,,True,True,,,,,,,,,,,,,,,False,33.00,True,,,2024-03-01 17:34:54.687000
3289,103010042,770,"JETHA F 73,79,80,& 86 TO 104",A,621,10301102,3,,True,True,,,,,,,,,,,,,,,False,,True,4.00,,2025-10-01 10:06:10.747000
3289,103010042,770,"JETHA F 73,79,80,& 86 TO 104",A,4967,20801511,8,,True,True,,,,,,,,,,,,,,,False,,True,,,2023-12-06 02:21:49.643000
3290,103010043,771,JETHA PLINTHS A F G&B BLOCK,A,622,10301101,3,,False,False,,,,,,,,,,,,,,,False,,True,4.00,,2022-09-20 17:36:21.777000
3290,103010043,771,JETHA PLINTHS A F G&B BLOCK,A,4969,20801549,8,,True,True,,,,,,,,,,,,,,,False,,True,,,2024-03-01 17:39:08.951000
3291,103010044,772,"LEASE JETHAS G 125,126,128&129",A,623,10301624,3,,False,False,,,,,,,,,,,,,,,False,,True,4.00,,2022-09-20 17:36:21.777000
3291,103010044,772,"LEASE JETHAS G 125,126,128&129",A,4970,20801608,8,,True,True,,,,,,,,,,,,,,,False,,True,,,2023-12-06 02:21:49.643000
3297,103010048,776,OLD ARP B 10,A,627,10301514,3,,True,True,,,,,,,,,,,,,,,False,,True,,,2023-12-18 12:06:39.106000
3297,103010048,776,OLD ARP B 10,A,4975,20801623,8,,True,True,,,,,,,,,,,,,,,False,,True,,,2023-12-06 02:21:49.643000
3303,103010054,782,OLD R R NO.1015,A,633,10301431,3,,True,True,,,,,,,,,,,,,,,False,,True,,,2023-12-18 12:06:39.106000
3303,103010054,782,OLD R R NO.1015,A,4286,20801644,8,,True,True,,,,,,,,,,,,,,,False,,True,,,2024-03-01 17:39:08.951000
3355,103010106,4359,WEST PORN OF SHED TW-2(HALF PN,A,3205,10301625,3,,False,False,,,,,,,,,,,,,,,False,,True,4.00,,2022-09-20 17:36:21.777000
3355,103010106,5431,WEST PORN OF SHED TW-2(HALF PN,A,3881,10301625,3,,False,False,,,,,,,,,,,,,,,False,37.00,True,4.00,,2022-09-20 17:36:21.777000
3355,103010106,5432,WEST PORN OF SHED TW-2(HALF PN,A,3882,10301625,3,,False,False,,,,,,,,,,,,,,,False,521.00,True,4.00,,2022-09-20 17:36:21.777000
8055,103010108,4562,GODOWN NO. E 52,A,3382,10301204,3,,False,False,,,,,,,,,,,,,,,False,,True,,,2022-09-20 17:36:21.777000
8056,103010109,4563,NORTH OF GDN.NO.J-154 PLOT NO3,A,3383,10301405,3,,False,False,,,,,,,,,,,,,,,False,,False,,,2022-09-20 17:36:21.777000
8057,103010110,4564,PART-OF JETHA  B-29,A,3384,10301439,3,,False,False,,,,,,,,,,,,,,,False,,True,4.00,,2022-09-20 17:36:21.777000
8057,103010110,5457,PART-OF JETHA  B-29,A,3906,10301439,3,,False,False,,,,,,,,,,,,,,,False,32.00,True,4.00,,2022-09-20 17:36:21.777000
8058,103010111,4565,OPEN JETHA D-45,A,3385,10301445,3,,False,False,,,,,,,,,,,,,,,False,,True,4.00,,2022-09-20 17:36:21.777000
8059,103010112,4566,OPEN JETHA D-46,A,3386,10301446,3,,False,False,,,,,,,,,,,,,,,False,,True,4.00,,2022-09-20 17:36:21.777000
8060,103010113,4567,OPOE  JETHA D-47,A,3387,10301447,3,,False,False,,,,,,,,,,,,,,,False,,True,4.00,,2022-09-20 17:36:21.777000
8061,103010114,4568,OPEN JETHA D 65,A,3388,10301515,3,,False,False,,,,,,,,,,,,,,,False,,True,4.00,,2022-09-20 17:36:21.777000
8062,103010115,4569,OPEN JETHA K 149,A,3389,10301526,3,,False,False,,,,,,,,,,,,,,,False,,True,,,2022-09-20 17:36:21.777000
8063,103010116,4570,SITE AT JN.OF BDRY.RD.&FRANJI,A,3390,10301529,3,,False,False,,,,,,,,,,,,,,,False,,True,4.00,,2022-09-20 17:36:21.777000
8064,103010117,4571,2 SOUTH OF GODOWN C 10,A,3391,10301532,3,,False,False,,,,,,,,,,,,,,,False,,False,,,2022-09-20 17:36:21.777000
8065,103010118,4572,31,A,3392,10301541,3,,False,False,,,,,,,,,,,,,,,False,,True,,,2022-09-20 17:36:21.777000
8066,103010119,4573,32,A,3393,10301542,3,,False,False,,,,,,,,,,,,,,,False,,True,,,2022-09-20 17:36:21.777000
8067,103010120,4574,34 ON JETHA K 131,A,3394,10301544,3,,False,False,,,,,,,,,,,,,,,False,,True,4.00,,2022-09-20 17:36:21.777000
8068,103010121,4575,1 SOUTH OF GDN.E-54,A,3395,10301546,3,,False,False,,,,,,,,,,,,,,,False,,False,,,2022-09-20 17:36:21.777000
8069,103010122,4576,WATCHMAN'S CHKY NR.PT SH.TW-2,A,3396,10301628,3,,False,False,,,,,,,,,,,,,,,False,,True,4.00,,2022-09-20 17:36:21.777000
8222,103010123,4728,OLD ARP'B'-5,A,163,10301537,3,,False,False,,,,,,,,,,,,,,,False,,True,,,2022-09-20 17:36:21.777000
8223,103010124,4729,OLD RR 979,A,164,10301612,3,,False,False,,,,,,,,,,,,,,,False,,True,,,2022-09-20 17:36:21.777000
8224,103010125,4730,OLD ARP PLOT B -6,A,165,10301622,3,,False,False,,,,,,,,,,,,,,,False,,True,,,2022-09-20 17:36:21.777000
8226,103010127,4732,OLD ARP B-4 IN LIEU OF K-153,A,167,10301633,3,,False,False,,,,,,,,,,,,,,,False,,True,4.00,,2022-09-20 17:36:21.777000
8227,103010128,4733,OLD ARP B-7 IN LIEU OF JH K152,A,168,10301634,3,,False,False,,,,,,,,,,,,,,,False,,True,4.00,,2022-09-20 17:36:21.777000
3443,104010082,913,27 AT COAL DEPOT,A,763,10401302,4,,True,True,,,,,,,,,,,,,,,False,,True,,,2023-12-28 12:48:52.117000
3443,104010082,913,27 AT COAL DEPOT,A,5090,31101116,11,,True,True,,,,,,,,,,,,,,,False,,True,,,2024-03-01 17:44:29.924000
3467,104010104,935,3B,A,785,10401425,4,,True,True,,,,,,,,,,,,,,,False,,True,4.00,,2025-10-01 10:09:26.973000
3467,104010104,935,3B,A,5113,31101134,11,,True,True,,,,,,,,,,,,,,,False,,True,,,2024-03-01 17:44:29.924000
3516,104010149,980,D-2  COAL DEPOT,A,832,10401544,4,,True,True,,,,,,,,,,,,,,,False,,True,4.00,,2025-10-01 10:09:26.973000
3516,104010149,980,D-2  COAL DEPOT,A,5161,31202102,12,,False,False,,,,,,,,,,,,,,,False,,True,,,2022-11-17 15:40:44.083000
3552,104010185,1015,NORTH OF F SHED GRAIN DEPOT,A,867,10401138,4,,True,True,,,,,,,,,,,,,,,False,,True,4.00,,2025-10-01 10:09:26.973000
3552,104010185,1015,NORTH OF F SHED GRAIN DEPOT,A,5193,31202125,12,,False,False,,,,,,,,,,,,,,,False,,True,,,2022-11-17 15:40:44.083000
3552,104010185,5029,NORTH OF F SHED GRAIN DEPOT,A,3443,10401138,4,,True,True,,,,,,,,,,,,,,,False,44.00,True,4.00,,2025-10-01 10:09:26.973000
3552,104010185,5030,NORTH OF F SHED GRAIN DEPOT,A,3444,10401138,4,,True,True,,,,,,,,,,,,,,,False,45.00,True,4.00,,2025-10-01 10:09:26.973000
3552,104010185,5305,NORTH OF F SHED GRAIN DEPOT,A,3756,10401138,4,,True,True,,,,,,,,,,,,,,,False,525.00,True,4.00,,2025-10-01 10:09:26.973000
3561,104010194,1023,Q-SOUTH MAZAGAON SEWREE RECLN.,A,875,10401207,4,,True,True,,,,,,,,,,,,,,,False,,True,4.00,,2025-10-01 10:09:26.973000
3561,104010194,1023,Q-SOUTH MAZAGAON SEWREE RECLN.,A,5199,31202129,12,,False,False,,,,,,,,,,,,,,,False,,True,4.00,,2022-11-17 15:40:44.083000
3575,104010208,1037,RR 1678,A,888,10401219,4,,True,True,,,,,,,,,,,,,,,False,,True,4.00,,2025-10-01 10:09:26.973000
3575,104010208,1037,RR 1678,A,5217,31202150,12,,False,False,,,,,,,,,,,,,,,False,,True,4.00,,2022-11-17 15:40:44.083000
3589,104010222,1046,SHED ON R R 1715  M S R,A,897,10401150,4,,False,False,,,,,,,,,,,,,,,False,,True,4.00,,2022-05-31 11:43:37.247000
3589,104010222,1046,SHED ON R R 1715  M S R,A,5220,31202223,12,,True,True,,,,,,,,,,,,,,,False,,True,,,2024-03-01 17:44:32.243000
3589,104010222,5037,SHED ON R R 1715  M S R,A,3452,10401150,4,,False,False,,,,,,,,,,,,,,,False,48.00,True,4.00,,2022-05-31 11:43:37.247000
8398,104010222,6072,E SHED(BAY 53 TO 70),A,5676,10401151,4,,True,True,,,,,,,,,,,,,,,False,,True,4.00,,2026-05-07 10:01:21.617000
7944,104010234,4460,R R 1465 & 1466,A,3309,10401203,4,,False,False,,,,,,,,,,,,,,,False,,True,4.00,,2022-05-31 11:43:37.247000
7997,104010235,4504,NORTH OF A SHED GRAIN DEPOT,A,3353,10401110,4,,False,False,,,,,,,,,,,,,,,False,,False,,,2022-05-31 11:43:37.247000
7998,104010236,4505,RR NO 2048,A,3354,10401111,4,,False,False,,,,,,,,,,,,,,,False,,True,,,2022-05-31 11:43:37.247000
8070,104010238,4577,SOUTH OF C SHED GRAIN DEPOT,A,3397,10401114,4,,False,False,,,,,,,,,,,,,,,False,,True,,,2022-05-31 11:43:37.247000
8071,104010239,4578,NORTH OF C SHED,A,3398,10401118,4,,False,False,,,,,,,,,,,,,,,False,,True,,,2022-05-31 11:43:37.247000
8072,104010240,4579,SOUTH OF D SHED,A,3399,10401121,4,,False,False,,,,,,,,,,,,,,,False,,True,,,2022-05-31 11:43:37.247000
8073,104010241,4580,SOUTH OF T SHED,A,3400,10401122,4,,False,False,,,,,,,,,,,,,,,False,,False,,,2022-05-31 11:43:37.247000
8074,104010242,4581,SOUTH OF T SHED,A,3401,10401123,4,,False,False,,,,,,,,,,,,,,,False,,False,,,2022-05-31 11:43:37.247000
8075,104010243,4582,SOUTH OF T SHED GRAIN DEPOT,A,3402,10401124,4,,False,False,,,,,,,,,,,,,,,False,,True,4.00,,2022-05-31 11:43:37.247000
8076,104010244,4583,NORTH OF T SHED GRAIN DEPOTMSR,A,3403,10401126,4,,False,False,,,,,,,,,,,,,,,False,,True,4.00,,2022-05-31 11:43:37.247000
8077,104010245,4584,NORTH OF T SHED M S R,A,3404,10401127,4,,False,False,,,,,,,,,,,,,,,False,,False,,,2022-05-31 11:43:37.247000
8078,104010246,4585,SOUTH OF F SHED,A,3405,10401134,4,,False,False,,,,,,,,,,,,,,,False,,True,4.00,,2022-05-31 11:43:37.247000
8082,104010250,4589,NORTH OF H SHED GRAIN DEPOTMSR,A,3747,10401143,4,,False,False,,,,,,,,,,,,,,,False,,False,,,2022-05-31 11:43:37.247000
8084,104010252,4591,RR 1931,A,3749,10401210,4,,False,False,,,,,,,,,,,,,,,False,,True,,,2022-05-31 11:43:37.247000
8085,104010253,4592,8 COAL DEPOT,A,3750,10401234,4,,False,False,,,,,,,,,,,,,,,False,,True,,,2022-05-31 11:43:37.247000
8086,104010254,4593,13 AT COAL DEPOT,A,3751,10401239,4,,False,False,,,,,,,,,,,,,,,False,,False,,,2022-05-31 11:43:37.247000
8087,104010255,4594,14 COAL DEPOT,A,1,10401240,4,,False,False,,,,,,,,,,,,,,,False,,True,,,2022-05-31 11:43:37.247000
8088,104010256,4595,17 AT COAL DEPOT,A,3,10401243,4,,False,False,,,,,,,,,,,,,,,False,,True,,,2022-05-31 11:43:37.247000
8089,104010257,4596,PLOT 18,A,5,10401244,4,,False,False,,,,,,,,,,,,,,,False,,True,,,2022-05-31 11:43:37.247000
8090,104010258,4597,23(NORTH HALE OF 35),A,6,10401249,4,,False,False,,,,,,,,,,,,,,,False,,True,,,2022-05-31 11:43:37.247000
8091,104010259,4598,25 WEST RD,A,7,10401250,4,,False,False,,,,,,,,,,,,,,,False,,True,,,2022-05-31 11:43:37.247000
8093,104010261,4600,27 B COAL DEPOT,A,9,10401341,4,,False,False,,,,,,,,,,,,,,,False,,True,,,2022-05-31 11:43:37.247000
8094,104010262,4601,28 C OF COAL DEPOT,A,10,10401346,4,,False,False,,,,,,,,,,,,,,,False,,True,,,2022-05-31 11:43:37.247000
8099,104010267,4606,3 A AT COAL DEPOT,A,17,10401506,4,,False,False,,,,,,,,,,,,,,,False,,True,,,2022-05-31 11:43:37.247000
8102,104010270,4609,I 2 & COAL DEPOT.,A,20,10401534,4,,False,False,,,,,,,,,,,,,,,False,,True,,,2022-05-31 11:43:37.247000
8103,104010271,4610,C-2  COAL DEPOT,A,21,10401546,4,,False,False,,,,,,,,,,,,,,,False,,True,4.00,,2022-05-31 11:43:37.247000
8105,104010273,4612,A-3,A,23,10401627,4,,False,False,,,,,,,,,,,,,,,False,,True,,,2022-05-31 11:43:37.247000
8106,104010274,4613,A-4,A,24,10401628,4,,False,False,,,,,,,,,,,,,,,False,,True,,,2022-05-31 11:43:37.247000
8109,104010277,4616,ADDL.LAND OF EAST OF R R 1669,A,29,10401644,4,,False,False,,,,,,,,,,,,,,,False,,True,,,2022-05-31 11:43:37.247000
8110,104010278,4617,ADDL.LAND EAST OF 1671,A,30,10401645,4,,False,False,,,,,,,,,,,,,,,False,,True,,,2022-05-31 11:43:37.247000
3606,205010002,1058,SITEA&B/STRIPX&Y,A,909,20501111,5,,True,True,,,,,,,,,,,,,,,False,,True,4.00,,2025-10-01 10:11:40.864000
3606,205010002,1058,SITEA&B/STRIPX&Y,A,5233,31202226,12,,False,False,,,,,,,,,,,,,,,False,,True,4.00,,2022-11-17 15:40:44.083000
3631,205010005,1068,OLD RR NO 1537,A,919,20501140,5,,False,False,,,,,,,,,,,,,,,False,,True,4.00,,2022-05-31 11:43:37.247000
3631,205010005,1068,OLD RR NO 1537,A,5322,31202231,12,,True,True,,,,,,,,,,,,,,,False,,True,,,2024-03-01 17:44:32.243000
3632,205010006,1069,OLD RR NO 1655,A,920,20501141,5,,False,False,,,,,,,,,,,,,,,False,,True,4.00,,2022-05-31 11:43:37.247000
3632,205010006,1069,OLD RR NO 1655,A,5241,31202232,12,,True,True,,,,,,,,,,,,,,,False,,True,,,2023-12-06 02:38:47.761000
3645,205010008,4378,GARAGE NO 2 ATT.TO AFS QUARTER,A,3226,20501207,5,,False,False,,,,,,,,,,,,,,,False,,False,,,2022-05-31 11:43:37.247000
3646,205010009,4379,R R NO 1881,A,3227,20501210,5,,False,False,,,,,,,,,,,,,,,False,,True,4.00,,2022-05-31 11:43:37.247000
3731,205010010,1105,2(SEWREE GADI ADDA),A,955,20501145,5,,False,False,,,,,,,,,,,,,,,False,,True,4.00,,2022-05-31 11:43:37.247000
3731,205010010,1105,2(SEWREE GADI ADDA),A,4217,41304534,13,,False,True,,,,,,,,,,,,,,,False,,True,,,2022-11-28 14:29:11.996000
7545,205010021,2758,OLD RR NO 1692,A,2604,20501113,5,,False,False,,,,,,,,,,,,,,,False,,True,4.00,,2022-05-31 11:43:37.247000
7558,205010034,2771,RR NO 1724,A,2617,20501130,5,,False,False,,,,,,,,,,,,,,,False,,True,4.00,,2022-05-31 11:43:37.247000
7559,205010035,2772,RR NO 1647,A,2618,20501131,5,,False,False,,,,,,,,,,,,,,,False,,True,4.00,,2022-05-31 11:43:37.247000
7560,205010036,2773,RR NO 1581,A,2619,20501132,5,,False,False,,,,,,,,,,,,,,,False,,True,4.00,,2022-05-31 11:43:37.247000
7561,205010037,2774,RR NO 1540(ADDL LAND),A,2620,20501136,5,,False,False,,,,,,,,,,,,,,,False,,True,,,2022-05-31 11:43:37.247000
7561,205010037,4982,RR NO 1540(ADDL LAND),A,302,20501136,5,,False,False,,,,,,,,,,,,,,,False,,True,,,2022-05-31 11:43:37.247000
7561,205010037,5185,RR NO 1540(ADDL LAND),A,3632,20501136,5,,False,False,,,,,,,,,,,,,,,False,101.00,True,,,2022-05-31 11:43:37.247000
7561,205010037,5383,RR NO 1540(ADDL LAND),A,3835,20501136,5,,False,False,,,,,,,,,,,,,,,False,396.00,True,,,2022-05-31 11:43:37.247000
7563,205010039,2776,OLD RR NO 1547,A,2622,20501138,5,,False,False,,,,,,,,,,,,,,,False,,True,4.00,,2022-05-31 11:43:37.247000
7563,205010039,4984,OLD RR NO 1547,A,304,20501138,5,,False,False,,,,,,,,,,,,,,,False,,True,4.00,,2022-05-31 11:43:37.247000
7564,205010040,2777,OLD RR NO 1594,A,2623,20501139,5,,False,False,,,,,,,,,,,,,,,False,,True,4.00,,2022-05-31 11:43:37.247000
7564,205010040,4985,OLD RR NO 1594,A,305,20501139,5,,False,False,,,,,,,,,,,,,,,False,,True,4.00,,2022-05-31 11:43:37.247000
7565,205010041,2778,ADDL.LAND NORTH OF OLD RR 1655,A,2624,20501142,5,,False,False,,,,,,,,,,,,,,,False,,True,4.00,,2022-05-31 11:43:37.247000
7569,205010045,2782,ADDL LAND TO N OF OLD RR 1692,A,2628,20501218,5,,False,False,,,,,,,,,,,,,,,False,,True,4.00,,2022-05-31 11:43:37.247000
7571,205010047,2784,RR NO. 1836 & 1743,A,2630,20501225,5,,False,False,,,,,,,,,,,,,,,False,,True,4.00,,2022-05-31 11:43:37.247000
8112,205010051,4619,14 AT MANGANESE ORE DEPOT MSR,A,33,20501101,5,,False,False,,,,,,,,,,,,,,,False,,False,,,2022-05-31 11:43:37.247000
8124,205010063,4631,GARRAGE NO 3 ATTACHED AFS QTRS,A,65,20501204,5,,False,False,,,,,,,,,,,,,,,False,,True,,,2022-05-31 11:43:37.247000
8125,205010064,4632,26 ADJ.TO GARAGE 3 AT AFS QTRS,A,66,20501205,5,,False,False,,,,,,,,,,,,,,,False,,True,,,2022-05-31 11:43:37.247000
8126,205010065,4633,GARRAGE 1 SOUTH OF EX.AFS.QTR.,A,67,20501206,5,,False,False,,,,,,,,,,,,,,,False,,False,,,2022-05-31 11:43:37.247000
8128,205010067,4635,27 SEWREE TIMBER POND,A,69,20501211,5,,False,False,,,,,,,,,,,,,,,False,,True,,,2022-05-31 11:43:37.247000
8129,205010068,4636,120 NEW PLOT 28,A,70,20501212,5,,False,False,,,,,,,,,,,,,,,False,,True,,,2022-05-31 11:43:37.247000
8251,205020001,4757,OLD R R NO 876,A,194,20502220,5,,False,False,,,,,,,,,,,,,,,False,,False,,,2022-05-31 11:43:37.247000
5478,206010021,2684,21,A,2532,20601117,6,,True,True,,,,,,,,,,,,,,,False,,False,4.00,,2025-10-01 10:13:10.488000
5481,206010024,2687,26,A,2535,20601121,6,,True,True,,,,,,,,,,,,,,,False,,False,4.00,,2025-10-01 10:13:10.488000
5483,206010026,2689,29,A,2537,20601127,6,,True,True,,,,,,,,,,,,,,,False,,False,4.00,,2025-10-01 10:13:10.488000
5485,206010028,2691,31,A,2539,20601129,6,,True,True,,,,,,,,,,,,,,,False,,False,,,2023-12-18 12:06:45.050000
5486,206010029,2692,32,A,2540,20601130,6,,True,True,,,,,,,,,,,,,,,False,,False,4.00,,2025-10-01 10:13:10.488000
5490,206010033,2696,36,A,2544,20601134,6,,True,True,,,,,,,,,,,,,,,False,,False,4.00,,2025-10-01 10:13:10.488000
5503,206010046,2709,55,A,2557,20601209,6,,True,True,,,,,,,,,,,,,,,False,,False,4.00,,2025-10-01 10:13:10.488000
5522,206010061,2727,92,A,2574,20601234,6,,True,True,,,,,,,,,,,,,,,False,,True,4.00,,2025-10-01 10:13:10.488000
5544,206010082,2748,120,A,2594,20601311,6,,True,True,,,,,,,,,,,,,,,False,,True,4.00,,2025-10-01 10:13:10.488000
5545,206010083,2749,121,A,2595,20601312,6,,True,True,,,,,,,,,,,,,,,False,,True,4.00,,2025-10-01 10:13:10.488000
5545,206010083,5172,121,A,3618,20601312,6,,True,True,,,,,,,,,,,,,,,False,120.00,True,,,2024-03-01 17:34:59.053000
5545,206010083,5375,121,A,3827,20601312,6,,True,True,,,,,,,,,,,,,,,False,384.00,True,,,2024-03-01 17:34:59.053000
5547,206010085,2751,124,A,2597,20601315,6,,True,True,,,,,,,,,,,,,,,False,,False,4.00,,2025-10-01 10:13:10.488000
5547,206010085,5173,124,A,3619,20601315,6,,True,True,,,,,,,,,,,,,,,False,121.00,False,4.00,,2025-10-01 10:13:10.488000
5547,206010085,5376,124,A,3828,20601315,6,,True,True,,,,,,,,,,,,,,,False,385.00,False,4.00,,2025-10-01 10:13:10.488000
7575,206010089,2788,R R NO 1927,A,2634,20601106,6,,False,False,,,,,,,,,,,,,,,False,,False,4.00,,2022-05-31 11:43:37.247000
8000,206010124,4507,24,A,3356,20601119,6,,False,False,,,,,,,,,,,,,,,False,,False,,,2022-05-31 11:43:37.247000
8000,206010124,5454,24,A,3903,20601119,6,,False,False,,,,,,,,,,,,,,,False,113.00,False,,,2022-05-31 11:43:37.247000
8005,206010129,4512,100,A,3361,20601242,6,,False,False,,,,,,,,,,,,,,,False,,False,,,2022-05-31 11:43:37.247000
8006,206010130,4513,RR NO 2005,A,3362,20601317,6,,False,False,,,,,,,,,,,,,,,False,,False,,,2022-05-31 11:43:37.247000
7947,206020006,4461,60    (OPEN STRIP),A,3310,20602103,6,,False,False,,,,,,,,,,,,,,,False,,False,,,2022-05-31 11:43:37.247000
5470,207010048,2676,5,A,2525,20701109,7,,True,True,,,,,,,,,,,,,,,False,,True,4.00,,2025-10-01 10:17:24.621000
5470,207010048,5164,5,A,3611,20701109,7,,True,True,,,,,,,,,,,,,,,False,129.00,True,4.00,,2025-10-01 10:17:24.621000
5470,207010048,5370,5,A,3822,20701109,7,,True,True,,,,,,,,,,,,,,,False,407.00,True,4.00,,2025-10-01 10:17:24.621000
5473,207010051,2679,12,A,2528,20701114,7,,True,True,,,,,,,,,,,,,,,False,,True,4.00,,2025-10-01 10:17:24.621000
7637,207010076,2850,203 & 210,A,2693,20701129,7,,True,True,,,,,,,,,,,,,,,False,,True,4.00,,2025-10-01 10:17:24.621000
7637,207010076,5212,203 & 210,A,3655,20701129,7,,True,True,,,,,,,,,,,,,,,False,157.00,True,4.00,,2025-10-01 10:17:24.621000
7637,207010076,5403,203 & 210,A,3855,20701129,7,,True,True,,,,,,,,,,,,,,,False,411.00,True,4.00,,2025-10-01 10:17:24.621000
7648,207010087,2861,220 QUAY STREET,A,2704,20701143,7,,True,True,,,,,,,,,,,,,,,False,,True,4.00,,2025-10-01 10:17:24.621000
7695,207010134,2908,R R 2004,A,2751,20701339,7,,True,True,,,,,,,,,,,,,,,False,,True,4.00,,2025-10-01 10:17:24.621000
7695,207010134,5259,R R 2004,A,3702,20701339,7,,True,True,,,,,,,,,,,,,,,False,212.00,True,4.00,,2025-10-01 10:17:24.621000
7695,207010134,5260,R R 2004,A,3703,20701339,7,,True,True,,,,,,,,,,,,,,,False,213.00,True,4.00,,2025-10-01 10:17:24.621000
7701,207010140,2914,328 SUPPLY OF RR 2004,A,2757,20701348,7,,True,True,,,,,,,,,,,,,,,False,,True,4.00,,2025-10-01 10:17:24.621000
7711,207010150,2924,334,A,2767,20701410,7,,True,True,,,,,,,,,,,,,,,False,,True,,,2024-03-01 17:36:40.195000
7711,207010150,6059,"L.F FOR OFFICE SPACE IN MARATHA MANDIR BLDG.
",A,5509,31209104,12,,True,True,,,,,,,,,,,,,,,False,,True,,,2024-03-01 17:44:32.243000
8007,207010151,4514,R R 1950,A,3453,20701139,7,,False,False,,,,,,,,,,,,,,,False,,True,,,2022-05-31 11:43:37.247000
8007,207010151,5455,R R 1950,A,3904,20701139,7,,False,False,,,,,,,,,,,,,,,False,166.00,True,,,2022-05-31 11:43:37.247000
8008,207010152,4515,219 QUAY STREET,A,3454,20701142,7,,False,False,,,,,,,,,,,,,,,False,,True,,,2022-05-31 11:43:37.247000
8009,207010153,4516,228 QUAY RD,A,3455,20701150,7,,False,False,,,,,,,,,,,,,,,False,,True,,,2022-05-31 11:43:37.247000
8010,207010154,4517,278,A,3456,20701249,7,,False,False,,,,,,,,,,,,,,,False,,True,,,2022-05-31 11:43:37.247000
8011,207010155,4518,294 B,A,2654,20701317,7,,False,False,,,,,,,,,,,,,,,False,,True,,,2022-05-31 11:43:37.247000
3695,208010030,1094,187A/1,A,945,20801429,8,,True,True,,,,,,,,,,,,,,,False,,True,4.00,,2025-10-01 10:24:25.773000
3695,208010030,1094,187A/1,A,5332,41304345,13,,True,True,,,,,,,,,,,,,,,False,,True,,,2024-03-01 17:44:33.794000
4032,208010059,1173,32 AT PANTON BUNDER,A,1023,20801115,8,,False,False,,,,,,,,,,,,,,,False,,True,4.00,,2022-05-31 11:43:37.247000
5509,208010097,2714,62,A,2561,20801149,8,,True,True,,,,,,,,,,,,,,,False,,True,4.00,,2025-10-01 10:24:25.773000
7712,208010099,2925,RRNO 2017 AT MAGAZINE STREET,A,2768,20801114,8,,False,False,,,,,,,,,,,,,,,False,,True,4.00,,2022-05-31 11:43:37.247000
7712,208010099,5265,RRNO 2017 AT MAGAZINE STREET,A,3708,20801114,8,,False,False,,,,,,,,,,,,,,,False,228.00,True,4.00,,2022-05-31 11:43:37.247000
7776,208010163,2989,118 KASSARA STREET,A,2832,20801305,8,,True,True,,,,,,,,,,,,,,,False,,True,4.00,,2025-10-01 10:24:25.773000
7779,208010166,2992,121 KASSARA STREET,A,2835,20801308,8,,True,True,,,,,,,,,,,,,,,False,,True,4.00,,2025-10-01 10:24:25.773000
7804,208010191,3017,148 QUAY STREET,A,4165,10101961,1,,True,True,,,,,,,,,,,,,,,False,,True,,,2023-12-01 15:28:46.880000
7804,208010191,3017,148 QUAY STREET,A,2860,20801336,8,,True,True,,,,,,,,,,,,,,,False,,True,4.00,,2025-10-01 10:24:25.773000
7816,208010203,3029,161,A,4126,10104903,1,,True,True,,,,,,,,,,,,,,,False,,False,4.00,,2025-10-01 10:01:21.617000
7816,208010203,3029,161,A,2872,20801349,8,,True,True,,,,,,,,,,,,,,,False,,True,4.00,,2025-10-01 10:24:25.773000
7823,208010210,3036,COMPT 1&2,A,4132,10104910,1,,True,True,,,,,,,,,,,,,,,False,,False,4.00,,2025-10-01 10:01:21.617000
7823,208010210,3036,COMPT 1&2,A,2879,20801447,8,,False,False,,,,,,,,,,,,,,,False,,True,4.00,,2022-05-31 11:43:37.247000
8015,208010291,4522,46 MAGAZINE STREET,A,3461,20801130,8,,False,False,,,,,,,,,,,,,,,False,,True,,,2022-05-31 11:43:37.247000
8017,208010293,4524, COMPTT 3,A,3463,20801448,8,,False,False,,,,,,,,,,,,,,,False,,True,,,2022-05-31 11:43:37.247000
8019,208010295,4526,215,A,3465,20801501,8,,False,False,,,,,,,,,,,,,,,False,,True,4.00,,2022-05-31 11:43:37.247000
7904,208020001,3117,SHOP 4 BPT CHAWL WADI BUNDER,A,3002,20802101,8,,True,True,,,,,,,,,,,,,,,False,,True,4.00,,2025-10-01 10:24:25.773000
7905,208020002,3118,SHOP 5 WADI BR BPT CHAWL,A,3003,20802102,8,,True,True,,,,,,,,,,,,,,,False,,False,,,2023-12-28 12:53:02.420000
7906,208020003,3119,STALL NO 5 BPT CHAWL WADI BUND,A,4204,10104968,1,,True,True,,,,,,,,,,,,,,,False,,False,4.00,,2025-10-01 10:01:21.617000
7906,208020003,3119,STALL NO 5 BPT CHAWL WADI BUND,A,3004,20802103,8,,True,True,,,,,,,,,,,,,,,False,,True,4.00,,2025-10-01 10:24:25.773000
7907,208020004,3120,STALL NO.6 BPT WADI BUNDER,A,4205,10104969,1,,True,True,,,,,,,,,,,,,,,False,,False,4.00,,2025-10-01 10:01:21.617000
7907,208020004,3120,STALL NO.6 BPT WADI BUNDER,A,3005,20802104,8,,True,True,,,,,,,,,,,,,,,False,,True,4.00,,2025-10-01 10:24:25.773000
7908,208020005,3121,STALL 8 BPT CHAWL WADI BUNDER,A,4206,10104970,1,,True,True,,,,,,,,,,,,,,,False,,False,4.00,,2025-10-01 10:01:21.617000
7908,208020005,3121,STALL 8 BPT CHAWL WADI BUNDER,A,3006,20802105,8,,True,True,,,,,,,,,,,,,,,False,,True,4.00,,2025-10-01 10:24:25.773000
7909,208020006,3122,STALL 11 BPT CHAWL WADI BR,A,4207,10104971,1,,True,True,,,,,,,,,,,,,,,False,,False,4.00,,2025-10-01 10:01:21.617000
7909,208020006,3122,STALL 11 BPT CHAWL WADI BR,A,3007,20802106,8,,True,True,,,,,,,,,,,,,,,False,,True,4.00,,2025-10-01 10:24:25.773000
7910,208020007,3123,STALL 12 BPT WADI BR CHAWL,A,4174,10105901,1,,True,True,,,,,,,,,,,,,,,False,,False,4.00,,2025-10-01 10:01:21.617000
7910,208020007,3123,STALL 12 BPT WADI BR CHAWL,A,3008,20802107,8,,True,True,,,,,,,,,,,,,,,False,,True,4.00,,2025-10-01 10:24:25.773000
7913,208020010,3126,NEW SHOP NO 3,A,4028,10105903,1,,True,True,,,,,,,,,,,,,,,False,,False,4.00,,2025-10-01 10:01:21.617000
7913,208020010,3126,NEW SHOP NO 3,A,3011,20802111,8,,True,True,,,,,,,,,,,,,,,False,,True,4.00,,2025-10-01 10:24:25.773000
7914,208020011,3127,NEW SHOP NO 4,A,4177,10105904,1,,True,True,,,,,,,,,,,,,,,False,,False,4.00,,2025-10-01 10:01:21.617000
7914,208020011,3127,NEW SHOP NO 4,A,3012,20802112,8,,True,True,,,,,,,,,,,,,,,False,,True,4.00,,2025-10-01 10:24:25.773000
7915,208020012,3128,SHOP NO 5 WADI BR,A,4029,10105905,1,,True,True,,,,,,,,,,,,,,,False,,False,4.00,,2025-10-01 10:01:21.617000
7915,208020012,3128,SHOP NO 5 WADI BR,A,3013,20802113,8,,True,True,,,,,,,,,,,,,,,False,,True,,,2023-12-18 12:20:10.782000
7916,208020013,3129,NEW SHOP NO 6 WADI BUNDER,A,4173,10105951,1,,True,True,,,,,,,,,,,,,,,False,,True,,,2023-12-01 15:28:46.880000
7916,208020013,3129,NEW SHOP NO 6 WADI BUNDER,A,3014,20802114,8,,True,True,,,,,,,,,,,,,,,False,,True,,,2023-12-18 12:20:10.782000
7917,208020014,3130,NEW SHOP NO 2,A,3994,10105952,1,,True,True,,,,,,,,,,,,,,,False,,True,,,2023-12-01 15:28:46.880000
7917,208020014,3130,NEW SHOP NO 2,A,3015,20802115,8,,True,True,,,,,,,,,,,,,,,False,,True,,,2023-12-18 12:20:10.782000
4230,309010007,1249,121,A,1098,30901421,9,,True,True,,,,,,,,,,,,,,,False,,True,4.00,,2025-10-01 10:32:47.382000
4230,309010007,5078,121,A,3523,30901421,9,,True,True,,,,,,,,,,,,,,,False,290.00,True,4.00,,2025-10-01 10:32:47.382000
4230,309010007,5323,121,A,3774,30901421,9,,True,True,,,,,,,,,,,,,,,False,470.00,True,4.00,,2025-10-01 10:32:47.382000
4234,309010010,1253,159,A,1102,30901428,9,,False,False,,,,,,,,,,,,,,,False,,True,,,2022-05-31 11:43:37.247000
4234,309010010,5080,159,A,3525,30901428,9,,False,False,,,,,,,,,,,,,,,False,292.00,True,,,2022-05-31 11:43:37.247000
4234,309010010,5325,159,A,3776,30901428,9,,False,False,,,,,,,,,,,,,,,False,293.00,True,,,2022-05-31 11:43:37.247000
4234,309010010,5326,159,A,3777,30901428,9,,False,False,,,,,,,,,,,,,,,False,472.00,True,,,2022-05-31 11:43:37.247000
4236,309010012,1255,161,A,1104,30901426,9,,True,True,,,,,,,,,,,,,,,False,,True,4.00,,2025-10-01 10:32:47.382000
4284,309010014,1442,"120 121-A,121-B,122 & 119",A,1293,30901417,9,,True,True,,,,,,,,,,,,,,,False,,True,,,2024-03-01 15:02:10.650000
4288,309010015,1443,124 & 125,A,1294,30901402,9,,True,True,,,,,,,,,,,,,,,False,,True,4.00,,2025-10-01 10:32:47.382000
4288,309010015,5083,124 & 125,A,3528,30901402,9,,True,True,,,,,,,,,,,,,,,False,285.00,True,4.00,,2025-10-01 10:32:47.382000
4288,309010015,5328,124 & 125,A,3779,30901402,9,,True,True,,,,,,,,,,,,,,,False,465.00,True,4.00,,2025-10-01 10:32:47.382000
4583,309010045,1755,OLD RR 1616,A,1604,30901149,9,,False,False,,,,,,,,,,,,,,,False,,True,4.00,,2022-05-31 11:43:37.247000
4633,309010056,1800,PLOT NO 59 AT MANSON ROAD,A,1648,30901247,9,,True,True,,,,,,,,,,,,,,,False,,True,4.00,,2025-10-01 10:32:47.382000
4639,309010060,1804,PLOT NO 78,A,1652,30901309,9,,False,False,,,,,,,,,,,,,,,False,,True,4.00,,2022-05-31 11:43:37.247000
4661,309010072,1825,PT SHED ON PLOT NO.70,A,1673,30901306,9,,False,False,,,,,,,,,,,,,,,False,,True,4.00,,2022-05-31 11:43:37.247000
7985,309010095,4492,FML PLOT 42 AT MANSON ROAD,A,3341,30901219,9,,False,False,,,,,,,,,,,,,,,False,,True,,,2022-05-31 11:43:37.247000
8134,309010099,4641,PLOT NO 48 AT MANSON ROAD,A,75,30901244,9,,False,False,,,,,,,,,,,,,,,False,,True,4.00,,2022-05-31 11:43:37.247000
8134,309010099,5469,PLOT NO 48 AT MANSON ROAD,A,3915,30901244,9,,False,False,,,,,,,,,,,,,,,False,274.00,True,4.00,,2022-05-31 11:43:37.247000
8134,309010099,5470,PLOT NO 48 AT MANSON ROAD,A,3916,30901244,9,,False,False,,,,,,,,,,,,,,,False,455.00,True,4.00,,2022-05-31 11:43:37.247000
8136,309010101,4643,PLOT NO.60 AT MANSION ROAD,A,77,30901248,9,,True,True,,,,,,,,,,,,,,,False,,True,4.00,,2022-05-31 11:43:37.247000
8141,309010106,4648,PLOT NO 118,A,82,30901338,9,,False,False,,,,,,,,,,,,,,,False,,True,4.00,,2022-05-31 11:43:37.247000
8152,309010117,4659,62 & 63,A,91,30901418,9,,False,False,,,,,,,,,,,,,,,False,,True,,,2022-05-31 11:43:37.247000
8152,309010117,5474,62 & 63,A,3920,30901418,9,,False,False,,,,,,,,,,,,,,,False,289.00,True,,,2022-05-31 11:43:37.247000
8152,309010117,5475,62 & 63,A,3921,30901418,9,,False,False,,,,,,,,,,,,,,,False,469.00,True,,,2022-05-31 11:43:37.247000
8153,309010118,4660,3,A,92,30901423,9,,False,False,,,,,,,,,,,,,,,False,,True,4.00,,2022-05-31 11:43:37.247000
8153,309010118,5476,3,A,3922,30901423,9,,False,False,,,,,,,,,,,,,,,False,291.00,True,4.00,,2022-05-31 11:43:37.247000
8153,309010118,5477,3,A,3923,30901423,9,,False,False,,,,,,,,,,,,,,,False,471.00,True,4.00,,2022-05-31 11:43:37.247000
8154,309010119,4661,"114,115,116,117coterminous with plt 159&159A",A,93,30901468,9,,False,False,,,,,,,,,,,,,,,False,,True,4.00,,2022-05-31 11:43:37.247000
8218,309010142,4724,OLD R R 1829,A,159,30901223,9,,False,False,,,,,,,,,,,,,,,False,,True,4.00,,2022-05-31 11:43:37.247000
8232,309010147,4738,OLD RR 1622,A,173,30901144,9,,False,False,,,,,,,,,,,,,,,False,,True,4.00,,2022-05-31 11:43:37.247000
8233,309010148,4739,OLD R R 1866,A,174,30901145,9,,False,False,,,,,,,,,,,,,,,False,,True,4.00,,2022-05-31 11:43:37.247000
8234,309010149,4740,OLD RR 1621 MANSON ROAD,A,175,30901146,9,,False,False,,,,,,,,,,,,,,,False,,True,,,2022-05-31 11:43:37.247000
4224,310010002,1243,92,A,1092,31001411,10,,False,False,,,,,,,,,,,,,,,False,,False,4.00,,2022-05-31 11:43:37.247000
4224,310010002,5074,92,A,3519,31001411,10,,False,False,,,,,,,,,,,,,,,False,297.00,False,4.00,,2022-05-31 11:43:37.247000
4231,310010004,1250,121,A,1099,31001509,10,,True,True,,,,,,,,,,,,,,,False,,False,4.00,,2025-10-01 10:36:39.995000
4302,310010026,1457,161 SURAT STREET,A,1308,31001426,10,,True,True,,,,,,,,,,,,,,,False,,False,4.00,,2025-10-01 10:36:39.995000
7919,310010209,3132,13 SHOLAPUR ST,A,3995,10105954,1,,True,True,,,,,,,,,,,,,,,False,,True,,,2023-12-01 15:28:46.880000
7919,310010209,3132,13 SHOLAPUR ST,A,3017,31001137,10,,False,False,,,,,,,,,,,,,,,False,,False,4.00,,2022-05-31 11:43:37.247000
7919,310010209,5290,13 SHOLAPUR ST,A,3733,31001137,10,,False,False,,,,,,,,,,,,,,,False,295.00,False,4.00,,2022-05-31 11:43:37.247000
8155,310010213,4662,4 SOUTH ELPHISTON BRIDGE,A,94,31001104,10,,False,False,,,,,,,,,,,,,,,False,,False,4.00,,2022-05-31 11:43:37.247000
8161,310010219,4668,13 POONA ST(NORTH),A,100,31001138,10,,False,False,,,,,,,,,,,,,,,False,,False,,,2022-05-31 11:43:37.247000
8162,310010220,4669,13 BET.SHOLAPUR & POONA ST.,A,101,31001139,10,,False,False,,,,,,,,,,,,,,,False,,False,,,2022-05-31 11:43:37.247000
8171,310010229,4678,RR 1085 THANA STREET,A,110,31001150,10,,False,False,,,,,,,,,,,,,,,False,,False,4.00,,2022-05-31 11:43:37.247000
8172,310010230,4679,62 BARODA ST,A,111,31001228,10,,False,False,,,,,,,,,,,,,,,False,,False,,,2022-05-31 11:43:37.247000
8173,310010231,4680,62/3 BARODA ST,A,112,31001234,10,,False,False,,,,,,,,,,,,,,,False,,False,4.00,,2022-05-31 11:43:37.247000
8174,310010232,4681,YT 76,A,113,31001327,10,,False,False,,,,,,,,,,,,,,,False,,False,,,2022-05-31 11:43:37.247000
8175,310010233,4682,Y T 33,A,114,31001350,10,,False,False,,,,,,,,,,,,,,,False,,False,,,2022-05-31 11:43:37.247000
8177,310010235,4684,87/72,A,116,31001407,10,,False,False,,,,,,,,,,,,,,,False,,False,,,2022-05-31 11:43:37.247000
8178,310010236,4685,FINAL PLOT NO 80/A,A,117,31001408,10,,False,False,,,,,,,,,,,,,,,False,,False,4.00,,2022-05-31 11:43:37.247000
8180,310010238,4687,PORTION OF PLOT 162,A,119,31001525,10,,False,False,,,,,,,,,,,,,,,False,,False,,,2022-05-31 11:43:37.247000
8181,310010239,4688,POPRTION OF PLOT 162,A,120,31001526,10,,False,False,,,,,,,,,,,,,,,False,,False,,,2022-05-31 11:43:37.247000
8183,310010241,4690,164,A,122,31001532,10,,False,False,,,,,,,,,,,,,,,False,,False,,,2022-05-31 11:43:37.247000
8184,310010242,4691,170-A,A,123,31001549,10,,False,False,,,,,,,,,,,,,,,False,,False,4.00,,2022-05-31 11:43:37.247000
8247,310010243,4753,OIDRR1589,A,190,31001221,10,,False,False,,,,,,,,,,,,,,,False,,False,4.00,,2022-05-31 11:43:37.247000
8248,310010244,4754,OLD RR NO 1143,A,191,31001402,10,,False,False,,,,,,,,,,,,,,,False,,False,,,2022-05-31 11:43:37.247000
7986,311010065,4493,13/PART OF GARDEN PLOT C,A,3342,31101136,11,,False,False,,,,,,,,,,,,,,,False,,True,,,2022-05-31 11:43:37.247000
7987,311010066,4494,12 PART OF GARDEN PLOT C,A,3343,31101137,11,,False,False,,,,,,,,,,,,,,,False,,False,,,2022-05-31 11:43:37.247000
7989,311010068,4496,BEHIND STRAND HOUSE,A,3345,31101238,11,,False,False,,,,,,,,,,,,,,,False,,True,,,2022-05-31 11:43:37.247000
4539,311020026,1710,OLD R R NO 2082,A,1558,31102139,11,,True,True,,,,,,,,,,,,,,,False,,False,,,2023-12-21 12:52:25.643000
7991,311020118,4498,R R 1925,A,3347,31102227,11,,False,False,,,,,,,,,,,,,,,False,,False,4.00,,2022-05-31 11:43:37.247000
7992,311020119,4499,BPORTION OF OLD R.R.1768,A,3348,31102239,11,,False,False,,,,,,,,,,,,,,,False,,False,4.00,,2022-05-31 11:43:37.247000
4213,312020004,1233,26,A,1082,31202144,12,,True,True,,,,,,,,,,,,,,,False,,True,4.00,,2025-10-01 10:45:27.161000
4215,312020006,1235,36,A,1084,31202220,12,,True,True,,,,,,,,,,,,,,,False,,True,4.00,,2025-10-01 10:45:27.161000
4332,312020017,1482,26B,A,1332,31202146,12,,True,True,,,,,,,,,,,,,,,False,,True,4.00,,2025-10-01 10:45:27.161000
4358,312020030,1504,36 C/C,A,1353,31202209,12,,True,True,,,,,,,,,,,,,,,False,,True,4.00,,2025-10-01 10:45:27.161000
4458,312020037,1600,GDN NO 158,A,1450,31202140,12,,True,True,,,,,,,,,,,,,,,False,,True,4.00,,2025-10-01 10:45:27.161000
4463,312020040,4412,GODOWN NO 162,A,3260,31202139,12,,False,False,,,,,,,,,,,,,,,False,,True,,,2022-05-31 11:43:37.247000
4463,312020040,5438,GODOWN NO 162,A,3888,31202139,12,,False,False,,,,,,,,,,,,,,,False,308.00,True,,,2022-05-31 11:43:37.247000
4463,312020040,5439,GODOWN NO 162,A,3889,31202139,12,,False,False,,,,,,,,,,,,,,,False,481.00,True,,,2022-05-31 11:43:37.247000
4586,312020048,1758,OLD RR 1773,A,1607,31202128,12,,True,True,,,,,,,,,,,,,,,False,,True,4.00,,2025-10-01 10:45:27.161000
4586,312020048,5094,OLD RR 1773,A,3539,31202128,12,,True,True,,,,,,,,,,,,,,,False,307.00,True,4.00,,2025-10-01 10:45:27.161000
4586,312020048,5337,OLD RR 1773,A,3789,31202128,12,,True,True,,,,,,,,,,,,,,,False,480.00,True,4.00,,2025-10-01 10:45:27.161000
4613,312020052,1783,EAST GROUND FLOOR ROOM P T 161,A,1631,31202147,12,,False,True,,,,,,,,,,,,,,,False,,True,4.00,,2022-11-28 14:23:54.990000
4613,312020052,5095,EAST GROUND FLOOR ROOM P T 161,A,3540,31202147,12,,True,True,,,,,,,,,,,,,,,False,310.00,True,,,2022-11-28 14:23:54.990000
4613,312020052,5338,EAST GROUND FLOOR ROOM P T 161,A,3790,31202147,12,,True,True,,,,,,,,,,,,,,,False,483.00,True,,,2022-11-28 14:23:54.990000
4883,312020064,2045,RR NO.1455,A,1894,31202226,12,,False,False,,,,,,,,,,,,,,,False,,True,4.00,,2022-05-31 11:43:37.247000
7955,312020076,4466,LAND ADJ TO GO DOWN NO 169,A,3315,31202130,12,,False,False,,,,,,,,,,,,,,,False,,True,4.00,,2022-05-31 11:43:37.247000
7957,312020078,4468,15 ML 46,A,3317,31202150,12,,False,False,,,,,,,,,,,,,,,False,,True,4.00,,2022-05-31 11:43:37.247000
7958,312020079,4469,36 D 2,A,3318,31202205,12,,False,False,,,,,,,,,,,,,,,False,,True,,,2022-05-31 11:43:37.247000
7959,312020080,4470,36 D 3,A,3319,31202206,12,,False,False,,,,,,,,,,,,,,,False,,True,,,2022-05-31 11:43:37.247000
7961,312020082,4472,36 C/E,A,3321,31202211,12,,False,False,,,,,,,,,,,,,,,False,,True,,,2022-05-31 11:43:37.247000
7964,312020085,4475,36 B/A,A,3324,31202214,12,,False,False,,,,,,,,,,,,,,,False,,True,,,2022-05-31 11:43:37.247000
7966,312020087,4477,45,A,3326,31202229,12,,False,False,,,,,,,,,,,,,,,False,,True,,,2022-05-31 11:43:37.247000
8193,312020089,4699,OLD R.R.NO.1861,A,131,31202102,12,,False,False,,,,,,,,,,,,,,,False,,True,,,2022-05-31 11:43:37.247000
7968,312030004,3162,66,A,4066,20501960,5,,True,True,,,,,,,,,,,,,,,False,,True,,,2023-12-01 15:47:58.849000
7968,312030004,3162,66,A,3047,31203326,12,,True,True,,,,,,,,,,,,,,,False,,True,4.00,,2025-10-01 10:45:27.161000
7969,312030005,4479,65,A,3328,31203327,12,,False,False,,,,,,,,,,,,,,,False,,True,,,2022-05-31 11:43:37.247000
4687,312050025,4425,R R 647,A,3273,31205102,12,,False,False,,,,,,,,,,,,,,,False,,False,4.00,,2022-05-31 11:43:37.247000
5434,413040217,2593,PART OF 10/8,A,2441,41304404,13,,True,True,,,,,,,,,,,,,,,False,,True,4.00,,2025-10-01 10:49:41.975000
5434,413040217,2594,PART OF 10/8,A,2442,41304405,13,,True,True,,,,,,,,,,,,,,,False,,True,4.00,,2025-10-01 10:49:41.975000
5434,413040217,2595,PART OF 10/8,A,2443,41304406,13,,True,True,,,,,,,,,,,,,,,False,,True,4.00,,2025-10-01 10:49:41.975000
5434,413040217,2596,PART OF 10/8,A,2444,41304407,13,,True,True,,,,,,,,,,,,,,,False,,True,4.00,,2025-10-01 10:49:41.975000
5434,413040217,5146,PART OF 10/8,A,3593,41304407,13,,True,True,,,,,,,,,,,,,,,False,327.00,True,4.00,,2025-10-01 10:49:41.975000
5434,413040217,5361,PART OF 10/8,A,3813,41304407,13,,True,True,,,,,,,,,,,,,,,False,537.00,True,4.00,,2025-10-01 10:49:41.975000
8024,413040221,4531,35B/1,A,3470,41304130,13,,False,False,,,,,,,,,,,,,,,False,,True,,,2022-05-31 11:43:37.247000
5180,413050061,2324,261/15,A,2173,41305137,13,,False,False,,,,,,,,,,,,,,,False,,True,4.00,,2022-05-31 11:43:37.247000
5185,413050065,2328,266/15,A,2177,41305139,13,,False,False,,,,,,,,,,,,,,,False,,True,4.00,,2022-05-31 11:43:37.247000
5185,413050065,5122,266/15,A,3570,41305139,13,,False,False,,,,,,,,,,,,,,,False,335.00,True,4.00,,2022-05-31 11:43:37.247000
8032,413050112,4539,228/6,A,3499,41305113,13,,False,False,,,,,,,,,,,,,,,False,,True,,,2022-05-31 11:43:37.247000
8033,413050113,4540,239/1A,A,3500,41305121,13,,False,False,,,,,,,,,,,,,,,False,,True,,,2022-05-31 11:43:37.247000
8034,413050114,4541,310/19,A,3502,41305230,13,,False,False,,,,,,,,,,,,,,,False,,True,4.00,,2022-05-31 11:43:37.247000
8035,413050115,4542,235B/7,A,3503,41305241,13,,False,False,,,,,,,,,,,,,,,False,,True,4.00,,2022-05-31 11:43:37.247000
4940,413060008,2098,318,A,1947,41306213,13,,True,True,,,,,,,,,,,,,,,False,,True,4.00,,2025-10-01 10:49:41.975000
5250,413060034,2392,319/A,A,2241,41306221,13,,True,True,,,,,,,,,,,,,,,False,,True,4.00,,2025-10-01 10:49:41.975000
5342,413060053,2480,M/s B.Pinto,A,2329,41306129,13,,True,True,,,,,,,,,,,,,,,False,,True,4.00,,2025-10-01 10:49:41.975000
5342,413060053,5135,62/C,A,3582,41306129,13,,True,True,,,,,,,,,,,,,,,False,342.00,True,4.00,,2025-10-01 10:49:41.975000
8036,413060069,4543,21/A,A,3363,41306112,13,,False,False,,,,,,,,,,,,,,,False,,True,4.00,,2022-05-31 11:43:37.247000
8037,413060070,4544,22/A,A,3364,41306113,13,,False,False,,,,,,,,,,,,,,,False,,True,4.00,,2022-05-31 11:43:37.247000
8038,413060071,4545,103/F,A,3365,41306145,13,,False,False,,,,,,,,,,,,,,,False,,True,4.00,,2022-05-31 11:43:37.247000
8039,413060072,4546,104/F,A,3366,41306147,13,,False,False,,,,,,,,,,,,,,,False,,True,4.00,,2022-05-31 11:43:37.247000
8041,413060074,4548,91/E,A,3368,41306207,13,,False,False,,,,,,,,,,,,,,,False,,True,4.00,,2022-05-31 11:43:37.247000
8042,413060075,4549,324A/B,A,3369,41306224,13,,False,False,,,,,,,,,,,,,,,False,,True,,,2022-05-31 11:43:37.247000
4992,413080004,4431,12/D,A,3280,41308110,13,,False,False,,,,,,,,,,,,,,,False,,True,4.00,,2022-05-31 11:43:37.247000
5317,413080048,2457,55/A,A,2306,41308204,13,,True,True,,,,,,,,,,,,,,,False,,True,,,2023-12-18 12:20:01.874000
4927,414040004,2085,13,A,1934,41404102,14,,True,True,,,,,,,,,,,,,,,False,,True,4.00,,2025-10-01 11:19:59.124000
7974,414040014,4482,12,A,3331,41404101,14,,False,False,,,,,,,,,,,,,,,False,,True,,,2022-05-31 11:43:37.247000
4916,414130002,2074,3,A,1924,41413103,14,,True,True,,,,,,,,,,,,,,,False,,True,4.00,,2025-10-01 11:19:59.124000
4918,414130004,2076,5,A,1925,41413102,14,,True,True,,,,,,,,,,,,,,,False,,True,4.00,,2025-10-01 11:19:59.124000
4919,414130005,2077,6,A,1926,41413125,14,,True,True,,,,,,,,,,,,,,,False,,True,4.00,,2025-10-01 11:19:59.124000
4933,414130015,2091,29,A,1940,41413112,14,,True,True,,,,,,,,,,,,,,,False,,True,4.00,,2025-10-01 11:19:59.124000
5427,414140001,4457,LAND AT BI,A,3306,41414102,14,,False,False,,,,,,,,,,,,,,,False,,True,4.00,,2022-05-31 11:43:37.247000
