tenancy_id,tenant_id,customer_code,unit_id,status,is_alloted,purpose,allotment_basis,tender_number,tender_id,tender_description,duration_from,duration_to,rate,is_sor_applicable,sor_applicable_date,percent_rate_revision,amount_rate_revision,upfront_premium_amt,security_deposit_amt,total_security_deposit,date_of_agreement,remarks,justification,terms_and_condition,update_timestamp
10101131,3924,10101131,1,APPROVED,True,"Petrol & oil, diesel pumps, service station, weigh bridge & other purposes connected with motor trade",Other,0,,,1937-01-13,,0,0,,0.00,0.00,0,0,0.00,,,,1978-03-09,2022-05-13 12:13:58.190000
10101132,3925,10101132,1,APPROVED,False,"Petrol & oil, diesel pumps, service station, weigh bridge & other purposes connected with motor trade",Other,0,,,1932-04-27,,0,0,,0.00,0.00,0,0,0.00,,,,1978-03-09,2022-05-13 12:13:58.190000
10101133,3926,10101133,1,APPROVED,False,"Petrol & oil, diesel pumps, service station, weigh bridge & other purposes connected with motor trade",Other,0,,,1933-01-26,,0,0,,0.00,0.00,0,0,0.00,,,,1978-03-09,2022-05-13 12:13:58.190000
10101134,3927,10101134,1,APPROVED,False,"Petrol & oil, diesel pumps, service station, weigh bridge & other purposes connected with motor trade",Other,0,,,1963-02-15,,0,0,,0.00,0.00,0,0,0.00,,,,1978-03-09,2022-05-13 12:13:58.190000
10101135,3928,10101135,1,APPROVED,True,"Petrol & oil, diesel pumps, service station, weigh bridge & other purposes connected with motor trade",Other,0,,,1978-03-01,,0,0,,0.00,0.00,0,0,0.00,,,,1978-03-09,2022-05-13 12:13:58.190000
10101136,3929,10101136,1,APPROVED,True,"Petrol & oil, diesel pumps, service station, weigh bridge & other purposes connected with motor trade",Other,0,,,1940-06-25,,0,0,,0.00,0.00,0,0,0.00,,,,1978-03-09,2022-05-13 12:13:58.190000
10101137,3930,10101137,1,APPROVED,True,"Petrol & oil, diesel pumps, service station, weigh bridge & other purposes connected with motor trade",Other,0,,,1942-11-17,,0,0,,0.00,0.00,0,0,0.00,,,,1978-03-09,2022-05-13 12:13:58.190000
10101138,3931,10101138,1,APPROVED,True,storage of non-hazardous goods & office in connection therewith,Other,0,,,1946-06-01,,0,0,,0.00,0.00,0,0,0.00,,,,,2022-05-13 12:13:58.190000
10101144,3937,10101144,1,APPROVED,True,"Petrol & oil, diesel pumps, service station, weigh bridge & other purposes connected with motor trade",Other,0,,,1965-06-15,,0,0,,0.00,0.00,0,0,0.00,,,,1978-03-09,2022-05-13 12:13:58.190000
10101145,3938,10101145,1,APPROVED,True,,Other,0,,,1965-05-01,,0,0,,0.00,0.00,0,0,0.00,,,,,2022-05-13 12:13:58.190000
10101146,3939,10101146,1,APPROVED,False,,Other,0,,,1873-01-01,,0,0,,0.00,0.00,0,0,0.00,,,,,2022-05-13 12:13:58.190000
10101148,3941,10101148,1,APPROVED,False,,Other,0,,,1976-03-05,,0,0,,0.00,0.00,0,0,0.00,,,,,2022-05-13 12:13:58.190000
10101201,3945,10101201,1,APPROVED,False,,Other,0,,,1961-12-07,,0,0,,0.00,0.00,0,0,0.00,,,,,2022-05-13 12:13:58.190000
10101202,3946,10101202,1,APPROVED,True,"Petrol & oil, diesel pumps, service station, weigh bridge & other purposes connected with motor trade",Other,0,,,1949-07-08,,0,0,,0.00,0.00,0,0,0.00,,,,1978-03-09,2022-05-13 12:13:58.190000
10101203,3947,10101203,1,APPROVED,True,"Petrol & oil, diesel pumps, service station, weigh bridge & other purposes connected with motor trade",Other,0,,,1952-01-25,,0,0,,0.00,0.00,0,0,0.00,,,,1978-03-09,2022-05-13 12:13:58.190000
10101208,3951,10101208,1,APPROVED,True,"Petrol & oil, diesel pumps, service station, weigh bridge & other purposes connected with motor trade",Other,0,,,1937-01-13,,0,0,,0.00,0.00,0,0,0.00,,,,1978-03-09,2022-05-13 12:13:58.190000
10101209,3952,10101209,1,APPROVED,True,"Petrol & oil, diesel pumps, service station, weigh bridge & other purposes connected with motor trade",Other,0,,,1946-10-01,,0,0,,0.00,0.00,0,0,0.00,,,,1978-03-09,2022-05-13 12:13:58.190000
10101210,3953,10101210,1,APPROVED,True,"Petrol & oil, diesel pumps, service station, weigh bridge & other purposes connected with motor trade",Other,0,,,1961-04-01,,0,0,,0.00,0.00,0,0,0.00,,,,1978-03-09,2022-05-13 12:13:58.190000
10101213,3956,10101213,1,APPROVED,True,,Other,0,,,1949-10-01,,0,0,,0.00,0.00,0,0,0.00,,,,,2022-05-13 12:13:58.190000
10101237,3980,10101237,1,APPROVED,True,,Other,0,,,1965-08-28,,0,0,,0.00,0.00,0,0,0.00,,,,,2022-05-13 12:13:58.190000
10101238,3981,10101238,1,APPROVED,True,,Other,0,,,1961-11-07,,0,0,,0.00,0.00,0,0,0.00,,,,,2022-05-13 12:13:58.190000
10101311,4000,10101311,1,APPROVED,False,,Other,0,,,1873-01-01,,0,0,,0.00,0.00,0,0,0.00,,,,,2022-05-13 12:13:58.190000
10101312,4001,10101312,1,APPROVED,False,,Other,0,,,1873-01-01,,0,0,,0.00,0.00,0,0,0.00,,,,,2022-05-13 12:13:58.190000
10101313,4002,10101313,1,APPROVED,False,,Other,0,,,1873-01-01,,0,0,,0.00,0.00,0,0,0.00,,,,,2022-05-13 12:13:58.190000
10101314,4003,10101314,1,APPROVED,False,,Other,0,,,1873-01-01,,0,0,,0.00,0.00,0,0,0.00,,,,,2022-05-13 12:13:58.190000
10101315,4004,10101315,1,APPROVED,False,,Other,0,,,1873-01-01,,0,0,,0.00,0.00,0,0,0.00,,,,,2022-05-13 12:13:58.190000
10101316,4005,10101316,1,APPROVED,False,,Other,0,,,1873-01-01,,0,0,,0.00,0.00,0,0,0.00,,,,,2022-05-13 12:13:58.190000
10101319,4008,10101319,1,APPROVED,True,,Other,0,,,2005-09-01,,0,0,,0.00,0.00,0,0,0.00,,,,,2022-05-13 12:13:58.190000
10101961,4025,10101961,1,APPROVED,True,,,0,,,1873-01-01,,0,0,,0.00,0.00,0,0,0.00,,,,,2022-05-13 12:13:58.190000
10103126,4036,10103126,1,APPROVED,False,,Other,0,,,1873-01-01,,0,0,,0.00,0.00,0,0,0.00,,,,,2022-05-13 12:13:58.190000
10104102,4041,10104102,1,APPROVED,False,,Other,0,,,1972-03-01,,0,0,,0.00,0.00,0,0,0.00,,,,,2022-05-13 12:13:58.190000
10104103,4042,10104103,1,APPROVED,True,"Petrol & oil, diesel pumps, service station, weigh bridge & other purposes connected with motor trade",Other,0,,,1985-01-01,,0,0,,0.00,0.00,0,0,0.00,,,,1978-03-09,2022-05-13 12:13:58.190000
10104106,8090,10104106,1,APPROVED,True,,Other,0,,,2008-06-01,,0,0,,0.00,0.00,0,0,0.00,,,,,2022-05-13 12:13:58.190000
10104903,4049,10104903,1,APPROVED,True,,,0,,,1873-01-01,,0,0,,0.00,0.00,0,0,0.00,,,,,2022-05-13 12:13:58.190000
10104910,4056,10104910,1,APPROVED,True,,,0,,,1873-01-01,,0,0,,0.00,0.00,0,0,0.00,,,,,2022-05-13 12:13:58.190000
10104968,4100,10104968,1,APPROVED,True,,,0,,,1873-01-01,,0,0,,0.00,0.00,0,0,0.00,,,,,2022-05-13 12:13:58.190000
10104969,4101,10104969,1,APPROVED,True,,,0,,,1873-01-01,,0,0,,0.00,0.00,0,0,0.00,,,,,2022-05-13 12:13:58.190000
10104970,4102,10104970,1,APPROVED,True,,,0,,,1873-01-01,,0,0,,0.00,0.00,0,0,0.00,,,,,2022-05-13 12:13:58.190000
10104971,4103,10104971,1,APPROVED,True,,,0,,,1873-01-01,,0,0,,0.00,0.00,0,0,0.00,,,,,2022-05-13 12:13:58.190000
10105104,4135,10105104,1,APPROVED,False,,Other,0,,,1873-01-01,,0,0,,0.00,0.00,0,0,0.00,,,,,2022-05-13 12:13:58.190000
10105109,4141,10105109,1,APPROVED,True,"Petrol & oil, diesel pumps, service station, weigh bridge & other purposes connected with motor trade",Other,0,,,1965-03-05,,0,0,,0.00,0.00,0,0,0.00,,,,1978-03-09,2022-05-13 12:13:58.190000
10105113,4145,10105113,1,APPROVED,True,,Other,0,,,2003-10-01,,0,0,,0.00,0.00,0,0,0.00,,,,,2022-05-13 12:13:58.190000
10105116,4148,10105116,1,APPROVED,False,,Other,0,,,1983-07-01,,0,0,,0.00,0.00,0,0,0.00,,,,,2022-05-13 12:13:58.190000
10105117,4149,10105117,1,APPROVED,False,,Other,0,,,1960-07-27,,0,0,,0.00,0.00,0,0,0.00,,,,,2022-05-13 12:13:58.190000
10105127,4159,10105127,1,APPROVED,False,,Other,0,,,1873-01-01,,0,0,,0.00,0.00,0,0,0.00,,,,,2022-05-13 12:13:58.190000
10105128,4160,10105128,1,APPROVED,False,,Other,0,,,1873-01-01,,0,0,,0.00,0.00,0,0,0.00,,,,,2022-05-13 12:13:58.190000
10105129,4161,10105129,1,APPROVED,False,,Other,0,,,1970-02-01,,0,0,,0.00,0.00,0,0,0.00,,,,,2022-05-13 12:13:58.190000
10105130,4162,10105130,1,APPROVED,False,,Other,0,,,1959-06-01,,0,0,,0.00,0.00,0,0,0.00,,,,,2022-05-13 12:13:58.190000
10105131,4163,10105131,1,APPROVED,True,"Petrol & oil, diesel pumps, service station, weigh bridge & other purposes connected with motor trade",Other,0,,,1961-07-01,,0,0,,0.00,0.00,0,0,0.00,,,,1978-03-09,2022-05-13 12:13:58.190000
10105147,4179,10105147,1,APPROVED,False,"Petrol & oil, diesel pumps, service station, weigh bridge & other purposes connected with motor trade",Other,0,,,1975-03-01,,0,0,,0.00,0.00,0,0,0.00,,,,1978-03-09,2022-05-13 12:13:58.190000
10105150,4182,10105150,1,APPROVED,True,"Petrol & oil, diesel pumps, service station, weigh bridge & other purposes connected with motor trade",Other,0,,,1957-02-08,,0,0,,0.00,0.00,0,0,0.00,,,,1978-03-09,2022-05-13 12:13:58.190000
10105203,4185,10105203,1,APPROVED,True,,Other,0,,,1994-04-01,,0,0,,0.00,0.00,0,0,0.00,,,,,2022-05-13 12:13:58.190000
10105205,4187,10105205,1,APPROVED,False,,Other,0,,,1970-11-01,,0,0,,0.00,0.00,0,0,0.00,,,,,2022-05-13 12:13:58.190000
10105901,4200,10105901,1,APPROVED,True,,,0,,,1873-01-01,,0,0,,0.00,0.00,0,0,0.00,,,,,2022-05-13 12:13:58.190000
10105903,4202,10105903,1,APPROVED,True,,,0,,,1873-01-01,,0,0,,0.00,0.00,0,0,0.00,,,,,2022-05-13 12:13:58.190000
10105904,4203,10105904,1,APPROVED,True,,,0,,,1873-01-01,,0,0,,0.00,0.00,0,0,0.00,,,,,2022-05-13 12:13:58.190000
10105905,4204,10105905,1,APPROVED,True,,,0,,,1873-01-01,,0,0,,0.00,0.00,0,0,0.00,,,,,2022-05-13 12:13:58.190000
10105951,4205,10105951,1,APPROVED,True,,,0,,,1873-01-01,,0,0,,0.00,0.00,0,0,0.00,,,,,2022-05-13 12:13:58.190000
10105952,4206,10105952,1,APPROVED,True,,,0,,,1873-01-01,,0,0,,0.00,0.00,0,0,0.00,,,,,2022-05-13 12:13:58.190000
10105954,4208,10105954,1,APPROVED,True,,,0,,,1873-01-01,,0,0,,0.00,0.00,0,0,0.00,,,,,2022-05-13 12:13:58.190000
10201136,4246,10201136,2,APPROVED,False,,Other,0,,,2016-11-02,,0,0,,0.00,0.00,0,0,0.00,,,,,2022-05-13 12:13:58.190000
10202102,4251,10202102,2,APPROVED,False,,Other,0,,,1969-08-01,,0,0,,0.00,0.00,0,0,0.00,,,,,2022-05-13 12:13:58.190000
10202104,4253,10202104,2,APPROVED,False,,Other,0,,,1960-10-07,,0,0,,0.00,0.00,0,0,0.00,,,,,2022-05-13 12:13:58.190000
10202114,4263,10202114,2,APPROVED,False,,Other,0,,,1963-06-01,,0,0,,0.00,0.00,0,0,0.00,,,,,2022-05-13 12:13:58.190000
10202211,4310,10202211,2,APPROVED,False,,Other,0,,,1873-01-01,,0,0,,0.00,0.00,0,0,0.00,,,,,2022-05-13 12:13:58.190000
10202215,4314,10202215,2,APPROVED,False,,Other,0,,,1976-03-08,,0,0,,0.00,0.00,0,0,0.00,,,,,2022-05-13 12:13:58.190000
10202217,4316,10202217,2,APPROVED,True,storage of non-hazardous goods & office in connection therewith,Other,0,,,1978-12-22,,0,0,,0.00,0.00,0,0,0.00,,,,,2022-05-13 12:13:58.190000
10202219,4317,10202219,2,APPROVED,False,,Other,0,,,2004-03-17,,0,0,,0.00,0.00,0,0,0.00,,,,,2022-05-13 12:13:58.190000
10203102,4325,10203102,2,APPROVED,True,,Other,0,,,1960-03-01,,0,0,,0.00,0.00,0,0,0.00,,,,,2022-05-13 12:13:58.190000
10203104,4327,10203104,2,APPROVED,True,storage of non-hazardous goods & office in connection therewith,Other,0,,,1997-01-01,,0,0,,0.00,0.00,0,0,0.00,,,,,2022-05-13 12:13:58.190000
10203105,4328,10203105,2,APPROVED,True,storage of non-hazardous goods & office in connection therewith,Other,0,,,2003-11-01,,0,0,,0.00,0.00,0,0,0.00,,,,,2022-05-13 12:13:58.190000
10203111,4334,10203111,2,APPROVED,True,storage of non-hazardous goods & office in connection therewith,Other,0,,,1997-07-01,,0,0,,0.00,0.00,0,0,0.00,,,,,2022-05-13 12:13:58.190000
10203126,4349,10203126,2,APPROVED,True,storage of non-hazardous goods & office in connection therewith,Other,0,,,1997-07-01,,0,0,,0.00,0.00,0,0,0.00,,,,,2022-05-13 12:13:58.190000
10301101,4354,10301101,3,APPROVED,False,"For use as godowns for storage of foods grains and purposes indicental thereto & for storage of non-hazardous fertilisers, gift articles & electric substation.",Other,0,,,1961-12-15,,0,0,,0.00,0.00,0,0,0.00,,,,1978-03-09,2022-05-13 12:13:58.190000
10301102,4355,10301102,3,APPROVED,True,Any lawful user as may be permitted by MCGM in conformity with the DC regulations.,Other,0,,,1952-03-24,,0,0,,0.00,0.00,0,0,0.00,,,,,2022-05-13 12:13:58.190000
10301204,4407,10301204,3,APPROVED,False,,Other,0,,,1873-01-01,,0,0,,0.00,0.00,0,0,0.00,,,,,2022-05-13 12:13:58.190000
10301405,4506,10301405,3,APPROVED,False,,Other,0,,,1873-01-01,,0,0,,0.00,0.00,0,0,0.00,,,,,2022-05-13 12:13:58.190000
10301431,4532,10301431,3,APPROVED,True,,Other,0,,,1960-07-01,,0,0,,0.00,0.00,0,0,0.00,,,,,2022-05-13 12:13:58.190000
10301439,4540,10301439,3,APPROVED,False,,Other,0,,,1873-01-01,,0,0,,0.00,0.00,0,0,0.00,,,,,2022-05-13 12:13:58.190000
10301445,4546,10301445,3,APPROVED,False,,Other,0,,,1965-03-01,,0,0,,0.00,0.00,0,0,0.00,,,,,2022-05-13 12:13:58.190000
10301446,4547,10301446,3,APPROVED,False,,Other,0,,,1965-01-07,,0,0,,0.00,0.00,0,0,0.00,,,,,2022-05-13 12:13:58.190000
10301447,4548,10301447,3,APPROVED,False,,Other,0,,,1965-01-07,,0,0,,0.00,0.00,0,0,0.00,,,,,2022-05-13 12:13:58.190000
10301514,4565,10301514,3,APPROVED,True,,Other,0,,,1980-08-02,,0,0,,0.00,0.00,0,0,0.00,,,,,2022-05-13 12:13:58.190000
10301515,4566,10301515,3,APPROVED,False,,Other,0,,,1963-07-01,,0,0,,0.00,0.00,0,0,0.00,,,,,2022-05-13 12:13:58.190000
10301526,4577,10301526,3,APPROVED,False,,Other,0,,,1873-01-01,,0,0,,0.00,0.00,0,0,0.00,,,,,2022-05-13 12:13:58.190000
10301529,4580,10301529,3,APPROVED,False,,Other,0,,,1971-07-01,,0,0,,0.00,0.00,0,0,0.00,,,,,2022-05-13 12:13:58.190000
10301530,4581,10301530,3,APPROVED,True,,Other,0,,,1997-05-09,,0,0,,0.00,0.00,0,0,0.00,,,,,2022-05-13 12:13:58.190000
10301532,4583,10301532,3,APPROVED,False,,Other,0,,,1873-01-01,,0,0,,0.00,0.00,0,0,0.00,,,,,2022-05-13 12:13:58.190000
10301535,4586,10301535,3,APPROVED,True,storage of non-hazardous goods & office in connection therewith,Other,0,,,1962-01-01,,0,0,,0.00,0.00,0,0,0.00,,,,,2022-05-13 12:13:58.190000
10301537,4588,10301537,3,APPROVED,False,,Other,0,,,1873-01-01,,0,0,,0.00,0.00,0,0,0.00,,,,,2022-05-13 12:13:58.190000
10301540,4591,10301540,3,APPROVED,True,storage of non-hazardous goods & office in connection therewith,Other,0,,,1966-08-22,,0,0,,0.00,0.00,0,0,0.00,,,,,2022-05-13 12:13:58.190000
10301541,4592,10301541,3,APPROVED,False,,Other,0,,,1873-01-01,,0,0,,0.00,0.00,0,0,0.00,,,,,2022-05-13 12:13:58.190000
10301542,4593,10301542,3,APPROVED,False,,Other,0,,,1873-01-01,,0,0,,0.00,0.00,0,0,0.00,,,,,2022-05-13 12:13:58.190000
10301544,4595,10301544,3,APPROVED,False,,Other,0,,,1873-01-01,,0,0,,0.00,0.00,0,0,0.00,,,,,2022-05-13 12:13:58.190000
10301546,4597,10301546,3,APPROVED,False,,Other,0,,,1873-01-01,,0,0,,0.00,0.00,0,0,0.00,,,,,2022-05-13 12:13:58.190000
10301612,4614,10301612,3,APPROVED,False,,Other,0,,,1873-01-01,,0,0,,0.00,0.00,0,0,0.00,,,,,2022-05-13 12:13:58.190000
10301622,4624,10301622,3,APPROVED,False,,Other,0,,,1873-01-01,,0,0,,0.00,0.00,0,0,0.00,,,,,2022-05-13 12:13:58.190000
10301624,4626,10301624,3,APPROVED,False,,Other,0,,,1973-07-01,,0,0,,0.00,0.00,0,0,0.00,,,,,2022-05-13 12:13:58.190000
10301625,4627,10301625,3,APPROVED,False,,Other,0,,,1973-08-30,,0,0,,0.00,0.00,0,0,0.00,,,,,2022-05-13 12:13:58.190000
10301627,4629,10301627,3,APPROVED,False,,Other,0,,,1973-07-16,,0,0,,0.00,0.00,0,0,0.00,,,,,2022-05-13 12:13:58.190000
10301628,4630,10301628,3,APPROVED,False,,Other,0,,,1975-09-08,,0,0,,0.00,0.00,0,0,0.00,,,,,2022-05-13 12:13:58.190000
10301633,4635,10301633,3,APPROVED,False,,Other,0,,,1873-01-01,,0,0,,0.00,0.00,0,0,0.00,,,,,2022-05-13 12:13:58.190000
10301634,4636,10301634,3,APPROVED,False,,Other,0,,,1873-01-01,,0,0,,0.00,0.00,0,0,0.00,,,,,2022-05-13 12:13:58.190000
10401110,4753,10401110,4,APPROVED,False,,Other,0,,,1873-01-01,,0,0,,0.00,0.00,0,0,0.00,,,,,2022-05-13 12:13:58.190000
10401111,4754,10401111,4,APPROVED,False,,Other,0,,,1873-01-01,,0,0,,0.00,0.00,0,0,0.00,,,,,2022-05-13 12:13:58.190000
10401114,4757,10401114,4,APPROVED,False,,Other,0,,,1873-01-01,,0,0,,0.00,0.00,0,0,0.00,,,,,2022-05-13 12:13:58.190000
10401118,4761,10401118,4,APPROVED,False,,Other,0,,,1873-01-01,,0,0,,0.00,0.00,0,0,0.00,,,,,2022-05-13 12:13:58.190000
10401121,4764,10401121,4,APPROVED,False,,Other,0,,,1873-01-01,,0,0,,0.00,0.00,0,0,0.00,,,,,2022-05-13 12:13:58.190000
10401122,4765,10401122,4,APPROVED,False,,Other,0,,,1873-01-01,,0,0,,0.00,0.00,0,0,0.00,,,,,2022-05-13 12:13:58.190000
10401123,4766,10401123,4,APPROVED,False,,Other,0,,,1873-01-01,,0,0,,0.00,0.00,0,0,0.00,,,,,2022-05-13 12:13:58.190000
10401124,4767,10401124,4,APPROVED,False,,Other,0,,,1873-01-01,,0,0,,0.00,0.00,0,0,0.00,,,,,2022-05-13 12:13:58.190000
10401126,4769,10401126,4,APPROVED,False,,Other,0,,,1873-01-01,,0,0,,0.00,0.00,0,0,0.00,,,,,2022-05-13 12:13:58.190000
10401127,4770,10401127,4,APPROVED,False,,Other,0,,,1873-01-01,,0,0,,0.00,0.00,0,0,0.00,,,,,2022-05-13 12:13:58.190000
10401134,4777,10401134,4,APPROVED,False,,Other,0,,,1967-02-01,,0,0,,0.00,0.00,0,0,0.00,,,,,2022-05-13 12:13:58.190000
10401138,4781,10401138,4,APPROVED,True,,Other,0,,,1957-07-01,,0,0,,0.00,0.00,0,0,0.00,,,,,2022-05-13 12:13:58.190000
10401143,4786,10401143,4,APPROVED,False,,Other,0,,,1873-01-01,,0,0,,0.00,0.00,0,0,0.00,,,,,2022-05-13 12:13:58.190000
10401150,4793,10401150,4,APPROVED,False,,Other,0,,,1947-04-01,,0,0,,0.00,0.00,0,0,0.00,,,,,2022-05-13 12:13:58.190000
10401151,8099,10401151,4,APPROVED,True,storage of non-hazardous goods & office in connection therewith,Other,0,,,1966-06-01,,0,0,,0.00,0.00,0,0,0.00,,,,,2022-05-13 12:13:58.190000
10401203,4796,10401203,4,APPROVED,False,,Other,0,,,1873-01-01,,0,0,,0.00,0.00,0,0,0.00,,,,,2022-05-13 12:13:58.190000
10401207,4800,10401207,4,APPROVED,True,"Petrol & oil, diesel pumps, service station, weigh bridge & other purposes connected with motor trade",Other,0,,,1966-07-18,,0,0,,0.00,0.00,0,0,0.00,,,,1978-03-09,2022-05-13 12:13:58.190000
10401210,4803,10401210,4,APPROVED,False,,Other,0,,,1873-01-01,,0,0,,0.00,0.00,0,0,0.00,,,,,2022-05-13 12:13:58.190000
10401219,4812,10401219,4,APPROVED,True,"Petrol & oil, diesel pumps, service station, weigh bridge & other purposes connected with motor trade",Other,0,,,1946-10-29,,0,0,,0.00,0.00,0,0,0.00,,,,1978-03-09,2022-05-13 12:13:58.190000
10401234,4827,10401234,4,APPROVED,False,,Other,0,,,1873-01-01,,0,0,,0.00,0.00,0,0,0.00,,,,,2022-05-13 12:13:58.190000
10401239,4832,10401239,4,APPROVED,False,,Other,0,,,1873-01-01,,0,0,,0.00,0.00,0,0,0.00,,,,,2022-05-13 12:13:58.190000
10401240,4833,10401240,4,APPROVED,False,,Other,0,,,1873-01-01,,0,0,,0.00,0.00,0,0,0.00,,,,,2022-05-13 12:13:58.190000
10401243,4836,10401243,4,APPROVED,False,,Other,0,,,1873-01-01,,0,0,,0.00,0.00,0,0,0.00,,,,,2022-05-13 12:13:58.190000
10401244,4837,10401244,4,APPROVED,False,,Other,0,,,1873-01-01,,0,0,,0.00,0.00,0,0,0.00,,,,,2022-05-13 12:13:58.190000
10401249,4842,10401249,4,APPROVED,False,,Other,0,,,1873-01-01,,0,0,,0.00,0.00,0,0,0.00,,,,,2022-05-13 12:13:58.190000
10401250,4843,10401250,4,APPROVED,False,,Other,0,,,1873-01-01,,0,0,,0.00,0.00,0,0,0.00,,,,,2022-05-13 12:13:58.190000
10401302,4845,10401302,4,APPROVED,True,,Other,0,,,1970-02-28,,0,0,,0.00,0.00,0,0,0.00,,,,,2022-05-13 12:13:58.190000
10401341,4882,10401341,4,APPROVED,False,,Other,0,,,1873-01-01,,0,0,,0.00,0.00,0,0,0.00,,,,,2022-05-13 12:13:58.190000
10401346,4887,10401346,4,APPROVED,False,,Other,0,,,1873-01-01,,0,0,,0.00,0.00,0,0,0.00,,,,,2022-05-13 12:13:58.190000
10401425,4915,10401425,4,APPROVED,True,storage of non-hazardous goods & office in connection therewith,Other,0,,,1973-11-01,,0,0,,0.00,0.00,0,0,0.00,,,,,2022-05-13 12:13:58.190000
10401506,4946,10401506,4,APPROVED,False,,Other,0,,,1873-01-01,,0,0,,0.00,0.00,0,0,0.00,,,,,2022-05-13 12:13:58.190000
10401534,4972,10401534,4,APPROVED,False,,Other,0,,,1873-01-01,,0,0,,0.00,0.00,0,0,0.00,,,,,2022-05-13 12:13:58.190000
10401544,4982,10401544,4,APPROVED,True,storage of non-hazardous goods & office in connection therewith,Other,0,,,1960-06-01,,0,0,,0.00,0.00,0,0,0.00,,,,,2022-05-13 12:13:58.190000
10401546,4984,10401546,4,APPROVED,False,,Other,0,,,1873-01-01,,0,0,,0.00,0.00,0,0,0.00,,,,,2022-05-13 12:13:58.190000
10401627,5014,10401627,4,APPROVED,False,,Other,0,,,1873-01-01,,0,0,,0.00,0.00,0,0,0.00,,,,,2022-05-13 12:13:58.190000
10401628,5015,10401628,4,APPROVED,False,,Other,0,,,1873-01-01,,0,0,,0.00,0.00,0,0,0.00,,,,,2022-05-13 12:13:58.190000
10401644,5031,10401644,4,APPROVED,False,,Other,0,,,1873-01-01,,0,0,,0.00,0.00,0,0,0.00,,,,,2022-05-13 12:13:58.190000
10401645,5032,10401645,4,APPROVED,False,,Other,0,,,1873-01-01,,0,0,,0.00,0.00,0,0,0.00,,,,,2022-05-13 12:13:58.190000
20501101,5039,20501101,5,APPROVED,False,,Other,0,,,1873-01-01,,0,0,,0.00,0.00,0,0,0.00,,,,,2022-05-13 12:13:58.190000
20501111,5049,20501111,5,APPROVED,True,storage of non-hazardous goods & office in connection therewith,Other,0,,,1971-11-01,,0,0,,0.00,0.00,0,0,0.00,,,,,2022-05-13 12:13:58.190000
20501113,5051,20501113,5,APPROVED,False,"Petrol & oil, diesel pumps, service station, weigh bridge & other purposes connected with motor trade",Other,0,,,1939-04-01,,0,0,,0.00,0.00,0,0,0.00,,,,1978-03-09,2022-05-13 12:13:58.190000
20501130,5068,20501130,5,APPROVED,False,,Other,0,,,1948-12-11,,0,0,,0.00,0.00,0,0,0.00,,,,,2022-05-13 12:13:58.190000
20501131,5069,20501131,5,APPROVED,False,,Other,0,,,1940-07-08,,0,0,,0.00,0.00,0,0,0.00,,,,,2022-05-13 12:13:58.190000
20501132,5070,20501132,5,APPROVED,False,,Other,0,,,1938-01-13,,0,0,,0.00,0.00,0,0,0.00,,,,,2022-05-13 12:13:58.190000
20501136,5074,20501136,5,APPROVED,False,,Pravin,0,,,1960-10-18,,0,0,,0.00,0.00,0,0,0.00,,,,,2022-05-13 12:13:58.190000
20501138,5076,20501138,5,APPROVED,False,,Other,0,,,1933-04-01,,0,0,,0.00,0.00,0,0,0.00,,,,,2022-05-13 12:13:58.190000
20501139,5077,20501139,5,APPROVED,False,,Other,0,,,1939-05-15,,0,0,,0.00,0.00,0,0,0.00,,,,,2022-05-13 12:13:58.190000
20501140,5078,20501140,5,APPROVED,False,"Petrol & oil, diesel pumps, service station, weigh bridge & other purposes connected with motor trade",Other,0,,,1933-04-01,,0,0,,0.00,0.00,0,0,0.00,,,,1978-03-09,2022-05-13 12:13:58.190000
20501141,5079,20501141,5,APPROVED,False,"Petrol & oil, diesel pumps, service station, weigh bridge & other purposes connected with motor trade",Other,0,,,1937-04-10,,0,0,,0.00,0.00,0,0,0.00,,,,1978-03-09,2022-05-13 12:13:58.190000
20501142,5080,20501142,5,APPROVED,False,"Petrol & oil, diesel pumps, service station, weigh bridge & other purposes connected with motor trade",Other,0,,,1968-04-07,,0,0,,0.00,0.00,0,0,0.00,,,,1978-03-09,2022-05-13 12:13:58.190000
20501145,5083,20501145,5,APPROVED,False,,Other,0,,,1953-06-24,,0,0,,0.00,0.00,0,0,0.00,,,,,2022-05-13 12:13:58.190000
20501204,5092,20501204,5,APPROVED,False,,Other,0,,,1873-01-01,,0,0,,0.00,0.00,0,0,0.00,,,,,2022-05-13 12:13:58.190000
20501205,5093,20501205,5,APPROVED,False,,Other,0,,,1873-01-01,,0,0,,0.00,0.00,0,0,0.00,,,,,2022-05-13 12:13:58.190000
20501206,5094,20501206,5,APPROVED,False,,Other,0,,,1873-01-01,,0,0,,0.00,0.00,0,0,0.00,,,,,2022-05-13 12:13:58.190000
20501207,5095,20501207,5,APPROVED,False,,Other,0,,,1873-01-01,,0,0,,0.00,0.00,0,0,0.00,,,,,2022-05-13 12:13:58.190000
20501210,5098,20501210,5,APPROVED,False,,Other,0,,,1958-03-04,,0,0,,0.00,0.00,0,0,0.00,,,,,2022-05-13 12:13:58.190000
20501211,5099,20501211,5,APPROVED,False,,Other,0,,,1873-01-01,,0,0,,0.00,0.00,0,0,0.00,,,,,2022-05-13 12:13:58.190000
20501212,5100,20501212,5,APPROVED,False,,Other,0,,,1873-01-01,,0,0,,0.00,0.00,0,0,0.00,,,,,2022-05-13 12:13:58.190000
20501218,5106,20501218,5,APPROVED,False,"Petrol & oil, diesel pumps, service station, weigh bridge & other purposes connected with motor trade",Other,0,,,1979-02-01,,0,0,,0.00,0.00,0,0,0.00,,,,1978-03-09,2022-05-13 12:13:58.190000
20501221,5108,20501221,5,APPROVED,True,,SWL,0,,,1873-01-01,,0,0,,0.00,0.00,0,0,0.00,,,,,2022-05-13 12:13:58.190000
20501225,5111,20501225,5,APPROVED,False,,Other,0,,,1994-04-01,,0,0,,0.00,0.00,0,0,0.00,,,,,2022-05-13 12:13:58.190000
20501960,5126,20501960,5,APPROVED,True,,SWL,0,,,1873-01-01,,0,0,,0.00,0.00,0,0,0.00,,,,,2022-05-13 12:13:58.190000
20502220,5161,20502220,5,APPROVED,False,,Other,0,,,1873-01-01,,0,0,,0.00,0.00,0,0,0.00,,,,,2022-05-13 12:13:58.190000
20601106,5167,20601106,6,APPROVED,False,,Other,0,,,1959-01-10,,0,0,,0.00,0.00,0,0,0.00,,,,,2022-05-13 12:13:58.190000
20601117,5178,20601117,6,APPROVED,True,Factory & Storage Of Non Hazardous Goods,,0,,,1967-11-01,,0,0,,0.00,0.00,0,0,0.00,,,,,2022-05-13 12:13:58.190000
20601119,5180,20601119,6,APPROVED,False,,Other,0,,,1873-01-01,,0,0,,0.00,0.00,0,0,0.00,,,,,2022-05-13 12:13:58.190000
20601121,5182,20601121,6,APPROVED,True,storage of non-hazardous goods & office in connection therewith,,0,,,1965-03-01,,0,0,,0.00,0.00,0,0,0.00,,,,,2022-05-13 12:13:58.190000
20601127,5188,20601127,6,APPROVED,True,storage of non-hazardous goods & office in connection therewith,,0,,,1961-11-01,,0,0,,0.00,0.00,0,0,0.00,,,,,2022-05-13 12:13:58.190000
20601129,5190,20601129,6,APPROVED,True,,Other,0,,,1968-04-01,,0,0,,0.00,0.00,0,0,0.00,,,,,2022-05-13 12:13:58.190000
20601130,5191,20601130,6,APPROVED,True,storage of non-hazardous goods & office in connection therewith,Other,0,,,1966-02-01,,0,0,,0.00,0.00,0,0,0.00,,,,,2022-05-13 12:13:58.190000
20601134,5195,20601134,6,APPROVED,True,storage of non-hazardous goods & office in connection therewith,,0,,,1968-07-01,,0,0,,0.00,0.00,0,0,0.00,,,,,2022-05-13 12:13:58.190000
20601202,5213,20601202,6,APPROVED,True,,Other,0,,,1952-06-23,,0,0,,0.00,0.00,0,0,0.00,,,,,2022-05-13 12:13:58.190000
20601205,5216,20601205,6,APPROVED,True,"Petrol & oil, diesel pumps, service station, weigh bridge & other purposes connected with motor trade",Other,0,,,1970-11-09,,0,0,,0.00,0.00,0,0,0.00,,,,1978-03-09,2022-05-13 12:13:58.190000
20601209,5220,20601209,6,APPROVED,True,storage of non-hazardous goods & office in connection therewith,Other,0,,,1964-09-01,,0,0,,0.00,0.00,0,0,0.00,,,,,2022-05-13 12:13:58.190000
20601216,5227,20601216,6,APPROVED,True,,Other,0,,,1970-09-01,,0,0,,0.00,0.00,0,0,0.00,,,,,2022-05-13 12:13:58.190000
20601226,5237,20601226,6,APPROVED,True,storage of non-hazardous goods & office in connection therewith,,0,,,1959-07-07,,0,0,,0.00,0.00,0,0,0.00,,,,,2022-05-13 12:13:58.190000
20601234,5245,20601234,6,APPROVED,True,storage of non-hazardous goods & office in connection therewith,Other,0,,,1975-02-01,,0,0,,0.00,0.00,0,0,0.00,,,,,2022-05-13 12:13:58.190000
20601235,5246,20601235,6,APPROVED,True,,Other,0,,,1994-07-01,,0,0,,0.00,0.00,0,0,0.00,,,,,2022-05-13 12:13:58.190000
20601242,5253,20601242,6,APPROVED,False,,Other,0,,,1873-01-01,,0,0,,0.00,0.00,0,0,0.00,,,,,2022-05-13 12:13:58.190000
20601249,5260,20601249,6,APPROVED,True,,Other,0,,,2003-10-01,,0,0,,0.00,0.00,0,0,0.00,,,,,2022-05-13 12:13:58.190000
20601303,5264,20601303,6,APPROVED,True,,Other,0,,,1998-02-01,,0,0,,0.00,0.00,0,0,0.00,,,,,2022-05-13 12:13:58.190000
20601311,5272,20601311,6,APPROVED,True,,Other,0,,,1968-10-01,,0,0,,0.00,0.00,0,0,0.00,,,,,2022-05-13 12:13:58.190000
20601312,5273,20601312,6,APPROVED,True,,Other,0,,,1973-08-01,,0,0,,0.00,0.00,0,0,0.00,,,,,2022-05-13 12:13:58.190000
20601315,5276,20601315,6,APPROVED,True,,Other,0,,,1961-08-01,,0,0,,0.00,0.00,0,0,0.00,,,,,2022-05-13 12:13:58.190000
20601317,5278,20601317,6,APPROVED,False,,Other,0,,,1873-01-01,,0,0,,0.00,0.00,0,0,0.00,,,,,2022-05-13 12:13:58.190000
20602103,5307,20602103,6,APPROVED,False,,Other,0,,,1873-01-01,,0,0,,0.00,0.00,0,0,0.00,,,,,2022-05-13 12:13:58.190000
20602105,5308,20602105,6,APPROVED,True,,Other,0,,,1994-06-01,,0,0,,0.00,0.00,0,0,0.00,,,,,2022-05-13 12:13:58.190000
20701103,5313,20701103,7,APPROVED,True,"Godowns, offices, works(factories) & residential quarters for employees, electric sub-station",Other,0,,,1962-09-08,,0,0,,0.00,0.00,0,0,0.00,,,,1961-07-12 / 1961-10-12,2022-05-13 12:13:58.190000
20701104,5314,20701104,7,APPROVED,True,Any lawful user as may be permitted by MCGM in conformity with D.C.Regulations,Other,0,,,1997-04-01,,0,0,,0.00,0.00,0,0,0.00,,,,1999-08-24,2022-05-13 12:13:58.190000
20701109,5319,20701109,7,APPROVED,True,Lorry weigh bridge & office in connection therewith,Other,0,,,1968-10-01,,0,0,,0.00,0.00,0,0,0.00,,,,,2022-05-13 12:13:58.190000
20701110,7908,20701110,7,APPROVED,True,Any lawful user as may be permitted by MCGM in conformity with D.C.Regulations,Other,0,,,1994-04-01,,0,0,,0.00,0.00,0,0,0.00,,,,1999-08-24,2022-05-13 12:13:58.190000
20701114,5323,20701114,7,APPROVED,True,,,0,,,1972-06-01,,0,0,,0.00,0.00,0,0,0.00,,,,,2022-05-13 12:13:58.190000
20701121,5330,20701121,7,APPROVED,True,,Other,0,,,1885-10-06,,0,0,,0.00,0.00,0,0,0.00,,,,,2022-05-13 12:13:58.190000
20701126,5335,20701126,7,APPROVED,True,"Factory for manufacturing of biscuits, cakes, confectionaries, preservatives & any other user as admissible under D.C.Regulations",Other,0,,,1992-04-01,,0,0,,0.00,0.00,0,0,0.00,,,,,2022-05-13 12:13:58.190000
20701129,5338,20701129,7,APPROVED,True,,,0,,,1960-12-01,,0,0,,0.00,0.00,0,0,0.00,,,,,2022-05-13 12:13:58.190000
20701139,5348,20701139,7,APPROVED,False,,Other,0,,,1873-01-01,,0,0,,0.00,0.00,0,0,0.00,,,,,2022-05-13 12:13:58.190000
20701142,5351,20701142,7,APPROVED,False,,Other,0,,,1873-01-01,,0,0,,0.00,0.00,0,0,0.00,,,,,2022-05-13 12:13:58.190000
20701143,5352,20701143,7,APPROVED,True,,Other,0,,,1970-09-01,,0,0,,0.00,0.00,0,0,0.00,,,,,2022-05-13 12:13:58.190000
20701150,5359,20701150,7,APPROVED,False,,Other,0,,,1873-01-01,,0,0,,0.00,0.00,0,0,0.00,,,,,2022-05-13 12:13:58.190000
20701204,5363,20701204,7,APPROVED,True,,Other,0,,,1974-03-01,,0,0,,0.00,0.00,0,0,0.00,,,,,2022-05-13 12:13:58.190000
20701208,5367,20701208,7,APPROVED,True,,,0,,,1951-07-01,,0,0,,0.00,0.00,0,0,0.00,,,,,2022-05-13 12:13:58.190000
20701249,5408,20701249,7,APPROVED,False,,Other,0,,,1873-01-01,,0,0,,0.00,0.00,0,0,0.00,,,,,2022-05-13 12:13:58.190000
20701317,5426,20701317,7,APPROVED,False,,Other,0,,,1873-01-01,,0,0,,0.00,0.00,0,0,0.00,,,,,2022-05-13 12:13:58.190000
20701327,5436,20701327,7,APPROVED,True,,Other,0,,,1945-09-12,,0,0,,0.00,0.00,0,0,0.00,,,,,2022-05-13 12:13:58.190000
20701335,5444,20701335,7,APPROVED,True,,,0,,,1942-01-10,,0,0,,0.00,0.00,0,0,0.00,,,,,2022-05-13 12:13:58.190000
20701336,5445,20701336,7,APPROVED,True,,Other,0,,,1941-12-12,,0,0,,0.00,0.00,0,0,0.00,,,,,2022-05-13 12:13:58.190000
20701337,5446,20701337,7,APPROVED,True,,,0,,,1941-12-15,,0,0,,0.00,0.00,0,0,0.00,,,,,2022-05-13 12:13:58.190000
20701339,5448,20701339,7,APPROVED,True,,Other,0,,,1960-11-01,,0,0,,0.00,0.00,0,0,0.00,,,,,2022-05-13 12:13:58.190000
20701341,5450,20701341,7,APPROVED,True,,Other,0,,,2002-10-01,,0,0,,0.00,0.00,0,0,0.00,,,,,2022-05-13 12:13:58.190000
20701344,5453,20701344,7,APPROVED,True,,Other,0,,,1873-01-01,,0,0,,0.00,0.00,0,0,0.00,,,,,2022-05-13 12:13:58.190000
20701348,5457,20701348,7,APPROVED,True,"Petrol & oil, diesel pumps, service station, weigh bridge & other purposes connected with motor trade",Other,0,,,1973-06-15,,0,0,,0.00,0.00,0,0,0.00,,,,1978-03-09,2022-05-13 12:13:58.190000
20701410,5469,20701410,7,APPROVED,True,storage of non-hazardous goods & office in connection therewith,Other,0,,,1982-04-14,,0,0,,0.00,0.00,0,0,0.00,,,,,2022-05-13 12:13:58.190000
20801114,5493,20801114,8,APPROVED,False,,,0,,,1961-03-01,,0,0,,0.00,0.00,0,0,0.00,,,,,2022-05-13 12:13:58.190000
20801115,5494,20801115,8,APPROVED,False,storage of non-hazardous goods & office in connection therewith,Other,0,,,1961-02-01,,0,0,,0.00,0.00,0,0,0.00,,,,,2022-05-13 12:13:58.190000
20801130,5509,20801130,8,APPROVED,False,,,0,,,1873-01-01,,0,0,,0.00,0.00,0,0,0.00,,,,,2022-05-13 12:13:58.190000
20801149,5528,20801149,8,APPROVED,True,storage of non-hazardous goods & office in connection therewith,Other,0,,,1963-08-01,,0,0,,0.00,0.00,0,0,0.00,,,,,2022-05-13 12:13:58.190000
20801305,5584,20801305,8,APPROVED,True,storage of non-hazardous goods & office in connection therewith,Other,0,,,1958-04-18,,0,0,,0.00,0.00,0,0,0.00,,,,,2022-05-13 12:13:58.190000
20801308,5587,20801308,8,APPROVED,True,storage of non-hazardous goods & office in connection therewith,Other,0,,,1977-05-01,,0,0,,0.00,0.00,0,0,0.00,,,,,2022-05-13 12:13:58.190000
20801336,5615,20801336,8,APPROVED,True,storage of non-hazardous goods & office in connection therewith,Other,0,,,1972-11-01,,0,0,,0.00,0.00,0,0,0.00,,,,,2022-05-13 12:13:58.190000
20801349,5628,20801349,8,APPROVED,True,storage of non-hazardous goods & office in connection therewith,Other,0,,,1961-08-01,,0,0,,0.00,0.00,0,0,0.00,,,,,2022-05-13 12:13:58.190000
20801429,5658,20801429,8,APPROVED,True,storage of non-hazardous goods & office in connection therewith,Other,0,,,1945-10-01,,0,0,,0.00,0.00,0,0,0.00,,,,,2022-05-13 12:13:58.190000
20801447,5676,20801447,8,APPROVED,False,storage of non-hazardous goods & office in connection therewith,Other,0,,,1961-02-01,,0,0,,0.00,0.00,0,0,0.00,,,,,2022-05-13 12:13:58.190000
20801448,5677,20801448,8,APPROVED,False,,,0,,,1873-01-01,,0,0,,0.00,0.00,0,0,0.00,,,,,2022-05-13 12:13:58.190000
20801501,5680,20801501,8,APPROVED,False,,,0,,,1962-10-01,,0,0,,0.00,0.00,0,0,0.00,,,,,2022-05-13 12:13:58.190000
20801511,5688,20801511,8,APPROVED,True,,Other,0,,,1968-06-22,,0,0,,0.00,0.00,0,0,0.00,,,,,2022-05-13 12:13:58.190000
20801549,5726,20801549,8,APPROVED,True,storage of non-hazardous goods & office in connection therewith,Other,0,,,1960-06-01,,0,0,,0.00,0.00,0,0,0.00,,,,,2022-05-13 12:13:58.190000
20801608,5735,20801608,8,APPROVED,True,"Petrol & oil, diesel pumps, service station, weigh bridge & other purposes connected with motor trade",Other,0,,,1960-11-01,,0,0,,0.00,0.00,0,0,0.00,,,,1978-03-09,2022-05-13 12:13:58.190000
20801623,5748,20801623,8,APPROVED,True,"Residence, Office and Garage",Other,0,,,1961-01-01,,0,0,,0.00,0.00,0,0,0.00,,,,,2022-05-13 12:13:58.190000
20801644,5767,20801644,8,APPROVED,True,,Other,0,,,1985-02-05,,0,0,,0.00,0.00,0,0,0.00,,,,,2022-05-13 12:13:58.190000
20802101,5781,20802101,8,APPROVED,True,storage of non-hazardous goods & office in connection therewith,Other,0,,,1959-09-01,,0,0,,0.00,0.00,0,0,0.00,,,,,2022-05-13 12:13:58.190000
20802102,5782,20802102,8,APPROVED,True,,,0,,,1975-08-01,,0,0,,0.00,0.00,0,0,0.00,,,,,2022-05-13 12:13:58.190000
20802103,5783,20802103,8,APPROVED,True,storage of non-hazardous goods & office in connection therewith,Other,0,,,1966-07-01,,0,0,,0.00,0.00,0,0,0.00,,,,,2022-05-13 12:13:58.190000
20802104,5784,20802104,8,APPROVED,True,storage of non-hazardous goods & office in connection therewith,Other,0,,,1959-02-01,,0,0,,0.00,0.00,0,0,0.00,,,,,2022-05-13 12:13:58.190000
20802105,5785,20802105,8,APPROVED,True,storage of non-hazardous goods & office in connection therewith,Other,0,,,1953-01-27,,0,0,,0.00,0.00,0,0,0.00,,,,,2022-05-13 12:13:58.190000
20802106,5786,20802106,8,APPROVED,True,storage of non-hazardous goods & office in connection therewith,Other,0,,,1953-08-13,,0,0,,0.00,0.00,0,0,0.00,,,,,2022-05-13 12:13:58.190000
20802107,5787,20802107,8,APPROVED,True,storage of non-hazardous goods & office in connection therewith,Other,0,,,1957-10-01,,0,0,,0.00,0.00,0,0,0.00,,,,,2022-05-13 12:13:58.190000
20802111,5791,20802111,8,APPROVED,True,storage of non-hazardous goods & office in connection therewith,Other,0,,,1976-02-13,,0,0,,0.00,0.00,0,0,0.00,,,,,2022-05-13 12:13:58.190000
20802112,5792,20802112,8,APPROVED,True,storage of non-hazardous goods & office in connection therewith,Other,0,,,1976-03-26,,0,0,,0.00,0.00,0,0,0.00,,,,,2022-05-13 12:13:58.190000
20802113,5793,20802113,8,APPROVED,True,,,0,,,1976-03-26,,0,0,,0.00,0.00,0,0,0.00,,,,,2022-05-13 12:13:58.190000
20802114,5794,20802114,8,APPROVED,True,,,0,,,1976-03-26,,0,0,,0.00,0.00,0,0,0.00,,,,,2022-05-13 12:13:58.190000
20802115,5795,20802115,8,APPROVED,True,,,0,,,1976-07-01,,0,0,,0.00,0.00,0,0,0.00,,,,,2022-05-13 12:13:58.190000
30901144,5842,30901144,9,APPROVED,False,,Other,0,,,1974-09-01,,0,0,,0.00,0.00,0,0,0.00,,,,,2022-05-13 12:13:58.190000
30901145,5843,30901145,9,APPROVED,False,,Other,0,,,1958-08-01,,0,0,,0.00,0.00,0,0,0.00,,,,,2022-05-13 12:13:58.190000
30901146,5844,30901146,9,APPROVED,False,,Other,0,,,1873-01-01,,0,0,,0.00,0.00,0,0,0.00,,,,,2022-05-13 12:13:58.190000
30901149,5847,30901149,9,APPROVED,False,"Petrol & oil, diesel pumps, service station, weigh bridge & other purposes connected with motor trade",Other,0,,,1942-07-20,,0,0,,0.00,0.00,0,0,0.00,,,,1978-03-09,2022-05-13 12:13:58.190000
30901219,5866,30901219,9,APPROVED,False,,Other,0,,,1873-01-01,,0,0,,0.00,0.00,0,0,0.00,,,,,2022-05-13 12:13:58.190000
30901223,5870,30901223,9,APPROVED,False,,Other,0,,,1873-01-01,,0,0,,0.00,0.00,0,0,0.00,,,,,2022-05-13 12:13:58.190000
30901244,5888,30901244,9,APPROVED,False,,Other,0,,,1971-12-01,,0,0,,0.00,0.00,0,0,0.00,,,,,2022-05-13 12:13:58.190000
30901247,5891,30901247,9,APPROVED,True,storage of non-hazardous goods & office in connection therewith,Other,0,,,1959-08-01,,0,0,,0.00,0.00,0,0,0.00,,,,,2022-05-13 12:13:58.190000
30901248,5892,30901248,9,APPROVED,False,,Other,0,,,1959-01-01,,0,0,,0.00,0.00,0,0,0.00,,,,,2022-05-13 12:13:58.190000
30901306,5899,30901306,9,APPROVED,False,,Other,0,,,1968-10-01,,0,0,,0.00,0.00,0,0,0.00,,,,,2022-05-13 12:13:58.190000
30901309,5902,30901309,9,APPROVED,False,,Other,0,,,1873-01-01,,0,0,,0.00,0.00,0,0,0.00,,,,,2022-05-13 12:13:58.190000
30901338,5931,30901338,9,APPROVED,False,,Other,0,,,1958-10-01,,0,0,,0.00,0.00,0,0,0.00,,,,,2022-05-13 12:13:58.190000
30901402,5945,30901402,9,APPROVED,True,,Other,0,,,1958-10-01,,0,0,,0.00,0.00,0,0,0.00,,,,,2022-05-13 12:13:58.190000
30901417,5959,30901417,9,APPROVED,True,,Other,0,,,1975-07-25,,0,0,,0.00,0.00,0,0,0.00,,,,,2022-05-13 12:13:58.190000
30901418,5960,30901418,9,APPROVED,False,,Other,0,,,1873-01-01,,0,0,,0.00,0.00,0,0,0.00,,,,,2022-05-13 12:13:58.190000
30901421,5963,30901421,9,APPROVED,True,,Other,0,,,1978-05-26,,0,0,,0.00,0.00,0,0,0.00,,,,,2022-05-13 12:13:58.190000
30901423,5965,30901423,9,APPROVED,False,,Other,0,,,1873-01-01,,0,0,,0.00,0.00,0,0,0.00,,,,,2022-05-13 12:13:58.190000
30901426,5968,30901426,9,APPROVED,True,storage of non-hazardous goods & office in connection therewith,Other,0,,,1984-07-01,,0,0,,0.00,0.00,0,0,0.00,,,,,2022-05-13 12:13:58.190000
30901428,5970,30901428,9,APPROVED,False,,Other,0,,,1986-10-18,,0,0,,0.00,0.00,0,0,0.00,,,,,2022-05-13 12:13:58.190000
30901468,6007,30901468,9,APPROVED,False,,Other,0,,,2006-02-28,,0,0,,0.00,0.00,0,0,0.00,,,,,2022-05-13 12:13:58.190000
31001104,6018,31001104,10,APPROVED,False,,,0,,,1873-01-01,,0,0,,0.00,0.00,0,0,0.00,,,,,2022-05-13 12:13:58.190000
31001137,6050,31001137,10,APPROVED,False,,Other,0,,,1920-08-15,,0,0,,0.00,0.00,0,0,0.00,,,,,2022-05-13 12:13:58.190000
31001138,6051,31001138,10,APPROVED,False,,Other,0,,,1873-01-01,,0,0,,0.00,0.00,0,0,0.00,,,,,2022-05-13 12:13:58.190000
31001139,6052,31001139,10,APPROVED,False,,Other,0,,,1873-01-01,,0,0,,0.00,0.00,0,0,0.00,,,,,2022-05-13 12:13:58.190000
31001150,6062,31001150,10,APPROVED,False,,Other,0,,,1928-08-28,,0,0,,0.00,0.00,0,0,0.00,,,,,2022-05-13 12:13:58.190000
31001221,6078,31001221,10,APPROVED,False,,Other,0,,,1943-01-01,,0,0,,0.00,0.00,0,0,0.00,,,,,2022-05-13 12:13:58.190000
31001228,6082,31001228,10,APPROVED,False,,Other,0,,,1873-01-01,,0,0,,0.00,0.00,0,0,0.00,,,,,2022-05-13 12:13:58.190000
31001234,6088,31001234,10,APPROVED,False,,Other,0,,,1955-05-13,,0,0,,0.00,0.00,0,0,0.00,,,,,2022-05-13 12:13:58.190000
31001327,6129,31001327,10,APPROVED,False,,Other,0,,,1873-01-01,,0,0,,0.00,0.00,0,0,0.00,,,,,2022-05-13 12:13:58.190000
31001350,6151,31001350,10,APPROVED,False,,Other,0,,,1873-01-01,,0,0,,0.00,0.00,0,0,0.00,,,,,2022-05-13 12:13:58.190000
31001402,6153,31001402,10,APPROVED,False,,Other,0,,,1873-01-01,,0,0,,0.00,0.00,0,0,0.00,,,,,2022-05-13 12:13:58.190000
31001407,6158,31001407,10,APPROVED,False,,Other,0,,,1873-01-01,,0,0,,0.00,0.00,0,0,0.00,,,,,2022-05-13 12:13:58.190000
31001408,6159,31001408,10,APPROVED,False,,Other,0,,,1974-02-16,,0,0,,0.00,0.00,0,0,0.00,,,,,2022-05-13 12:13:58.190000
31001411,6162,31001411,10,APPROVED,False,,Other,0,,,1949-05-01,,0,0,,0.00,0.00,0,0,0.00,,,,,2022-05-13 12:13:58.190000
31001426,6170,31001426,10,APPROVED,True,storage of non-hazardous goods & office in connection therewith,Other,0,,,1953-01-01,,0,0,,0.00,0.00,0,0,0.00,,,,,2022-05-13 12:13:58.190000
31001509,6196,31001509,10,APPROVED,True,,Other,0,,,1994-04-01,,0,0,,0.00,0.00,0,0,0.00,,,,,2022-05-13 12:13:58.190000
31001525,6205,31001525,10,APPROVED,False,,Other,0,,,1873-01-01,,0,0,,0.00,0.00,0,0,0.00,,,,,2022-05-13 12:13:58.190000
31001526,6206,31001526,10,APPROVED,False,,Other,0,,,1873-01-01,,0,0,,0.00,0.00,0,0,0.00,,,,,2022-05-13 12:13:58.190000
31001532,6210,31001532,10,APPROVED,False,,Other,0,,,1873-01-01,,0,0,,0.00,0.00,0,0,0.00,,,,,2022-05-13 12:13:58.190000
31001549,6227,31001549,10,APPROVED,False,,Other,0,,,1973-11-01,,0,0,,0.00,0.00,0,0,0.00,,,,,2022-05-13 12:13:58.190000
31101116,6479,31101116,11,APPROVED,True,"Petrol & oil, diesel pumps, service station, weigh bridge & other purposes connected with motor trade",Other,0,,,1918-04-22,,0,0,,0.00,0.00,0,0,0.00,,,,1978-03-09,2022-05-13 12:13:58.190000
31101134,6497,31101134,11,APPROVED,True,,Other,0,,,1918-08-01,,0,0,,0.00,0.00,0,0,0.00,,,,,2022-05-13 12:13:58.190000
31101136,6499,31101136,11,APPROVED,False,,Other,0,,,1873-01-01,,0,0,,0.00,0.00,0,0,0.00,,,,,2022-05-13 12:13:58.190000
31101137,6500,31101137,11,APPROVED,False,,Other,0,,,1873-01-01,,0,0,,0.00,0.00,0,0,0.00,,,,,2022-05-13 12:13:58.190000
31101238,6544,31101238,11,APPROVED,False,,Other,0,,,1873-01-01,,0,0,,0.00,0.00,0,0,0.00,,,,,2022-05-13 12:13:58.190000
31102139,6599,31102139,11,APPROVED,True,,Other,0,,,1994-04-01,,0,0,,0.00,0.00,0,0,0.00,,,,,2022-05-13 12:13:58.190000
31102227,6637,31102227,11,APPROVED,False,,Other,0,,,1960-11-01,,0,0,,0.00,0.00,0,0,0.00,,,,,2022-05-13 12:13:58.190000
31102239,6648,31102239,11,APPROVED,False,,Other,0,,,1967-04-01,,0,0,,0.00,0.00,0,0,0.00,,,,,2022-05-13 12:13:58.190000
31202102,6687,31202102,12,APPROVED,False,,Other,0,,,1873-01-01,,0,0,,0.00,0.00,0,0,0.00,,,,,2022-05-13 12:13:58.190000
31202125,6710,31202125,12,APPROVED,False,,Other,0,,,1873-01-01,,0,0,,0.00,0.00,0,0,0.00,,,,,2022-05-13 12:13:58.190000
31202128,6713,31202128,12,APPROVED,True,,Other,0,,,1968-12-01,,0,0,,0.00,0.00,0,0,0.00,,,,,2022-05-13 12:13:58.190000
31202129,6714,31202129,12,APPROVED,False,,Other,0,,,1957-03-04,,0,0,,0.00,0.00,0,0,0.00,,,,,2022-05-13 12:13:58.190000
31202130,6715,31202130,12,APPROVED,False,,Other,0,,,1964-02-26,,0,0,,0.00,0.00,0,0,0.00,,,,,2022-05-13 12:13:58.190000
31202139,6724,31202139,12,APPROVED,False,,Other,0,,,1873-01-01,,0,0,,0.00,0.00,0,0,0.00,,,,,2022-05-13 12:13:58.190000
31202140,6725,31202140,12,APPROVED,True,storage of non-hazardous goods & office in connection therewith,Other,0,,,1969-09-01,,0,0,,0.00,0.00,0,0,0.00,,,,,2022-05-13 12:13:58.190000
31202144,6729,31202144,12,APPROVED,True,storage of non-hazardous goods & office in connection therewith,Other,0,,,1947-08-01,,0,0,,0.00,0.00,0,0,0.00,,,,,2022-05-13 12:13:58.190000
31202146,6731,31202146,12,APPROVED,True,storage of non-hazardous goods & office in connection therewith,Other,0,,,1957-11-16,,0,0,,0.00,0.00,0,0,0.00,,,,,2022-05-13 12:13:58.190000
31202147,6732,31202147,12,APPROVED,True,,Other,0,,,1963-02-01,,0,0,,0.00,0.00,0,0,0.00,,,,,2022-05-13 12:13:58.190000
31202150,6735,31202150,12,APPROVED,False,,Other,0,,,1964-05-01,,0,0,,0.00,0.00,0,0,0.00,,,,,2022-05-13 12:13:58.190000
31202205,6740,31202205,12,APPROVED,False,,Other,0,,,1873-01-01,,0,0,,0.00,0.00,0,0,0.00,,,,,2022-05-13 12:13:58.190000
31202206,6741,31202206,12,APPROVED,False,,Other,0,,,1873-01-01,,0,0,,0.00,0.00,0,0,0.00,,,,,2022-05-13 12:13:58.190000
31202209,6744,31202209,12,APPROVED,True,storage of non-hazardous goods & office in connection therewith,Other,0,,,1959-01-01,,0,0,,0.00,0.00,0,0,0.00,,,,,2022-05-13 12:13:58.190000
31202211,6746,31202211,12,APPROVED,False,,Other,0,,,1873-01-01,,0,0,,0.00,0.00,0,0,0.00,,,,,2022-05-13 12:13:58.190000
31202214,6749,31202214,12,APPROVED,False,,Other,0,,,1873-01-01,,0,0,,0.00,0.00,0,0,0.00,,,,,2022-05-13 12:13:58.190000
31202220,6755,31202220,12,APPROVED,True,storage of non-hazardous goods & office in connection therewith,Other,0,,,1957-07-01,,0,0,,0.00,0.00,0,0,0.00,,,,,2022-05-13 12:13:58.190000
31202223,6758,31202223,12,APPROVED,True,,Other,0,,,1957-09-01,,0,0,,0.00,0.00,0,0,0.00,,,,,2022-05-13 12:13:58.190000
31202226,6761,31202226,12,APPROVED,False,,Other,0,,,1939-01-26,,0,0,,0.00,0.00,0,0,0.00,,,,,2022-05-13 12:13:58.190000
31202229,6764,31202229,12,APPROVED,False,,Other,0,,,1873-01-01,,0,0,,0.00,0.00,0,0,0.00,,,,,2022-05-13 12:13:58.190000
31202231,6766,31202231,12,APPROVED,True,storage of non-hazardous goods & office in connection therewith,Other,0,,,1956-12-05,,0,0,,0.00,0.00,0,0,0.00,,,,,2022-05-13 12:13:58.190000
31202232,6767,31202232,12,APPROVED,True,,Other,0,,,1950-05-01,,0,0,,0.00,0.00,0,0,0.00,,,,,2022-05-13 12:13:58.190000
31203326,6795,31203326,12,APPROVED,True,,Other,0,,,1959-06-01,,0,0,,0.00,0.00,0,0,0.00,,,,,2022-05-13 12:13:58.190000
31203327,6796,31203327,12,APPROVED,False,,Other,0,,,1873-01-01,,0,0,,0.00,0.00,0,0,0.00,,,,,2022-05-13 12:13:58.190000
31205102,6801,31205102,12,APPROVED,False,,Other,0,,,0006-07-11,,0,0,,0.00,0.00,0,0,0.00,,,,,2022-05-13 12:13:58.190000
31209104,6927,31209104,12,APPROVED,True,,Other,0,,,2004-09-13,,0,0,,0.00,0.00,0,0,0.00,,,,,2022-05-13 12:13:58.190000
41304130,6972,41304130,13,APPROVED,False,,Other,0,,,1873-01-01,,0,0,,0.00,0.00,0,0,0.00,,,,,2022-05-13 12:13:58.190000
41304345,7087,41304345,13,APPROVED,True,,Other,0,,,1957-05-01,,0,0,,0.00,0.00,0,0,0.00,,,,,2022-05-13 12:13:58.190000
41304404,7096,41304404,13,APPROVED,True,storage of non-hazardous goods & office in connection therewith,Other,0,,,1959-01-01,,0,0,,0.00,0.00,0,0,0.00,,,,,2022-05-13 12:13:58.190000
41304405,7097,41304405,13,APPROVED,True,storage of non-hazardous goods & office in connection therewith,Other,0,,,1959-01-01,,0,0,,0.00,0.00,0,0,0.00,,,,,2022-05-13 12:13:58.190000
41304406,7098,41304406,13,APPROVED,True,storage of non-hazardous goods & office in connection therewith,Other,0,,,1959-01-01,,0,0,,0.00,0.00,0,0,0.00,,,,,2022-05-13 12:13:58.190000
41304407,7099,41304407,13,APPROVED,True,,Other,0,,,1959-01-01,,0,0,,0.00,0.00,0,0,0.00,,,,,2022-05-13 12:13:58.190000
41304534,7172,41304534,13,APPROVED,True,,Other,0,,,2000-07-01,,0,0,,0.00,0.00,0,0,0.00,,,,,2022-05-13 12:13:58.190000
41305113,7187,41305113,13,APPROVED,False,,Other,0,,,1873-01-01,,0,0,,0.00,0.00,0,0,0.00,,,,,2022-05-13 12:13:58.190000
41305121,7195,41305121,13,APPROVED,False,,Other,0,,,1873-01-01,,0,0,,0.00,0.00,0,0,0.00,,,,,2022-05-13 12:13:58.190000
41305137,7211,41305137,13,APPROVED,False,,Other,0,,,1957-08-12,,0,0,,0.00,0.00,0,0,0.00,,,,,2022-05-13 12:13:58.190000
41305139,7213,41305139,13,APPROVED,False,,Other,0,,,1952-04-01,,0,0,,0.00,0.00,0,0,0.00,,,,,2022-05-13 12:13:58.190000
41305230,7254,41305230,13,APPROVED,False,,Other,0,,,1941-05-16,,0,0,,0.00,0.00,0,0,0.00,,,,,2022-05-13 12:13:58.190000
41305241,7265,41305241,13,APPROVED,False,,Other,0,,,1969-11-24,,0,0,,0.00,0.00,0,0,0.00,,,,,2022-05-13 12:13:58.190000
41306112,7301,41306112,13,APPROVED,False,,Other,0,,,1978-12-14,,0,0,,0.00,0.00,0,0,0.00,,,,,2022-05-13 12:13:58.190000
41306113,7302,41306113,13,APPROVED,False,,Transfer of Tenancy,0,,,1978-12-14,,0,0,,0.00,0.00,0,0,0.00,,,,,2022-05-13 12:13:58.190000
41306129,7317,41306129,13,APPROVED,True,Open storage of Manglore tiles,Other,0,,,1931-09-01,,0,0,,0.00,0.00,0,0,0.00,,,,,2022-05-13 12:13:58.190000
41306145,7333,41306145,13,APPROVED,False,,Other,0,,,1873-01-01,,0,0,,0.00,0.00,0,0,0.00,,,,,2022-05-13 12:13:58.190000
41306147,7335,41306147,13,APPROVED,False,,Other,0,,,1873-01-01,,0,0,,0.00,0.00,0,0,0.00,,,,,2022-05-13 12:13:58.190000
41306207,7345,41306207,13,APPROVED,False,,Other,0,,,1873-01-01,,0,0,,0.00,0.00,0,0,0.00,,,,,2022-05-13 12:13:58.190000
41306213,7351,41306213,13,APPROVED,True,storage of non-hazardous goods & office in connection therewith,Transfer of Tenancy,0,,,1996-01-03,,0,0,,0.00,0.00,0,0,0.00,,,,,2022-05-13 12:13:58.190000
41306221,7359,41306221,13,APPROVED,True,,Other,0,,,1873-01-01,,0,0,,0.00,0.00,0,0,0.00,,,,,2022-05-13 12:13:58.190000
41306224,7362,41306224,13,APPROVED,False,,Other,0,,,1873-01-01,,0,0,,0.00,0.00,0,0,0.00,,,,,2022-05-13 12:13:58.190000
41308110,7374,41308110,13,APPROVED,False,,Other,0,,,1945-01-01,,0,0,,0.00,0.00,0,0,0.00,,,,,2022-05-13 12:13:58.190000
41308204,7417,41308204,13,APPROVED,True,,Other,0,,,1957-12-27,,0,0,,0.00,0.00,0,0,0.00,,,,,2022-05-13 12:13:58.190000
41404101,7448,41404101,14,APPROVED,False,,Other,0,,,1873-01-01,,0,0,,0.00,0.00,0,0,0.00,,,,,2022-05-13 12:13:58.190000
41404102,7449,41404102,14,APPROVED,True,storage of non-hazardous goods & office in connection therewith,Other,0,,,1957-12-31,,0,0,,0.00,0.00,0,0,0.00,,,,,2022-05-13 12:13:58.190000
41413102,7592,41413102,14,APPROVED,True,storage of non-hazardous goods & office in connection therewith,Other,0,,,1959-07-04,,0,0,,0.00,0.00,0,0,0.00,,,,,2022-05-13 12:13:58.190000
41413103,7593,41413103,14,APPROVED,True,storage of non-hazardous goods & office in connection therewith,Other,0,,,1960-10-18,,0,0,,0.00,0.00,0,0,0.00,,,,,2022-05-13 12:13:58.190000
41413112,7602,41413112,14,APPROVED,True,storage of non-hazardous goods & office in connection therewith,Other,0,,,1942-06-01,,0,0,,0.00,0.00,0,0,0.00,,,,,2022-05-13 12:13:58.190000
41413125,7615,41413125,14,APPROVED,True,,15 monthly,0,,,1999-10-01,,0,0,,0.00,0.00,0,0,0.00,,,,,2022-05-13 12:13:58.190000
41414102,7623,41414102,14,APPROVED,False,,EXPIRED LEASE,0,,,1977-04-01,,0,0,,0.00,0.00,0,0,0.00,,,,,2022-05-13 12:13:58.190000
